id,nombre,email,edad,sexo,ciudad,trabajo
25623,Eddie Lozano,eddie.lozano623@yahoo.com,36,M,Lake Robin,"Civil engineer, consulting"
43967,Sandra Galloway,sandra.galloway967@yahoo.com,28,F,Montgomerystad,Theme park manager
14934,Bailey Williams,bailey.williams934@hotmail.com,41,M,West Erikashire,Prison officer
96607,Ann Zamora,ann.zamora607@gmail.com,42,F,Kevinstad,Architectural technologist
54701,Travis Smith,travis.smith701@hotmail.com,25,M,South Christina,"Designer, industrial/product"
64869,John Reynolds,john.reynolds869@yahoo.com,73,F,Lake Emily,"Psychologist, educational"
16011,William Martinez,william.martinez11@yahoo.com,33,F,Annafurt,"Accountant, chartered public finance"
96583,William Jones,william.jones583@yahoo.com,57,F,Port Christinaburgh,"Engineer, building services"
82828,David Moore,david.moore828@gmail.com,27,F,South Edwin,IT trainer
81583,Joshua Todd,joshua.todd583@hotmail.com,30,M,Lake Jeremiah,Technical author
43037,Alicia Dean,alicia.dean37@yahoo.com,68,M,Camposmouth,Horticultural consultant
86449,Melissa Austin,melissa.austin449@yahoo.com,76,F,New Beth,Hotel manager
89499,Joanne Moore,joanne.moore499@yahoo.com,26,F,North Dianebury,"Engineer, control and instrumentation"
91761,Lynn Rodriguez,lynn.rodriguez761@yahoo.com,52,M,Port Veronica,Energy manager
93441,Mr. Joshua Martin,mr..joshua.martin441@gmail.com,28,F,Williamsburgh,Orthoptist
66038,Kristina Young,kristina.young38@gmail.com,65,M,Lake Gregoryland,Archaeologist
98090,Maurice Black,maurice.black90@hotmail.com,33,F,West Michelletown,Exhibition designer
78273,Matthew Williams,matthew.williams273@hotmail.com,37,M,Butlerberg,Homeopath
86372,Heather King,heather.king372@hotmail.com,38,M,South Josestad,Medical physicist
38934,Lindsay Knight,lindsay.knight934@gmail.com,44,M,Steinshire,"Research officer, trade union"
14937,Brandon Foster,brandon.foster937@yahoo.com,70,M,Port Jeffreyport,Health physicist
55380,Jenna Hayes,jenna.hayes380@yahoo.com,55,M,North Bryan,Scientific laboratory technician
98028,Anne Beard,anne.beard28@gmail.com,48,M,Warrenfort,"Engineer, maintenance"
8762,Madison Mcdaniel,madison.mcdaniel762@gmail.com,43,M,Williamport,Purchasing manager
87011,Steven Becker,steven.becker11@gmail.com,57,M,Nealberg,Dispensing optician
92067,Samuel Morris,samuel.morris67@hotmail.com,23,F,New Heatherchester,"Designer, furniture"
64480,Hannah Diaz,hannah.diaz480@hotmail.com,64,M,Brendaton,Meteorologist
40555,Charles Kelly,charles.kelly555@yahoo.com,70,M,Clintonport,Midwife
72,Rebekah Perez,rebekah.perez72@yahoo.com,69,M,Brandonburgh,Mudlogger
98501,Steven Miller,steven.miller501@hotmail.com,32,F,Riveramouth,Secondary school teacher
90464,Luis Parker,luis.parker464@yahoo.com,77,M,Kimberlyport,Camera operator
564,Christian Carter,christian.carter564@hotmail.com,59,F,North Patrickshire,Analytical chemist
69495,William Ross,william.ross495@hotmail.com,44,F,West Tracy,Statistician
1868,Ryan Arias,ryan.arias868@hotmail.com,56,F,North David,Museum/gallery conservator
71831,Robert Schneider,robert.schneider831@yahoo.com,77,M,Melodyport,Purchasing manager
79503,Lisa Williams,lisa.williams503@hotmail.com,26,F,Harveystad,Mining engineer
89986,Dale Schneider,dale.schneider986@gmail.com,21,F,Dicksonmouth,Geoscientist
37625,Madison Mcbride,madison.mcbride625@yahoo.com,55,M,Jenniferview,Air traffic controller
18545,Kyle Carr PhD,kyle.carr.phd545@gmail.com,73,M,New Kristenport,Geochemist
94826,Lisa Ramsey,lisa.ramsey826@hotmail.com,35,F,Annefort,"Scientist, biomedical"
61931,Michael Carr,michael.carr931@gmail.com,58,M,West Ericachester,Accommodation manager
63903,Alexandra Middleton,alexandra.middleton903@gmail.com,35,M,East Julia,"Psychologist, prison and probation services"
97669,Susan Cunningham,susan.cunningham669@yahoo.com,56,M,Williamschester,Mechanical engineer
17328,Kimberly Smith,kimberly.smith328@gmail.com,45,M,Riveratown,Neurosurgeon
45674,Gregory Chambers,gregory.chambers674@hotmail.com,70,M,Estradaland,Television camera operator
12161,Amanda Vega,amanda.vega161@hotmail.com,80,M,Francishaven,Tourism officer
39880,Cheryl Guzman,cheryl.guzman880@gmail.com,22,F,West Kristenland,IT consultant
66428,Jose Harris,jose.harris428@yahoo.com,43,F,North Patricia,Prison officer
53879,Theresa Murillo,theresa.murillo879@yahoo.com,53,F,Matthewsborough,"Programmer, multimedia"
64863,Latoya Mcdonald,latoya.mcdonald863@hotmail.com,56,M,Ashleyburgh,Fisheries officer
85933,Douglas Barnes,douglas.barnes933@yahoo.com,65,M,Everettmouth,Chief Executive Officer
37491,Amanda Gonzales,amanda.gonzales491@yahoo.com,66,M,West Andrew,"Psychologist, forensic"
3198,Hayden Franklin,hayden.franklin198@yahoo.com,73,M,Matthewfort,Medical physicist
23857,Andrea Duncan,andrea.duncan857@yahoo.com,45,M,Robertview,Commercial horticulturist
271,Linda Wallace,linda.wallace271@hotmail.com,25,F,Greenchester,Occupational therapist
3665,Mary Jennings,mary.jennings665@gmail.com,68,F,Sanderstown,"Surveyor, mining"
86278,Tara Newman,tara.newman278@hotmail.com,64,F,Shelleyville,Learning mentor
59052,Jonathan Gibson,jonathan.gibson52@hotmail.com,44,F,Lake Elizabethberg,Best boy
41362,Brian Rivera,brian.rivera362@gmail.com,71,F,Lake Adamport,Astronomer
71861,Yvonne Davis,yvonne.davis861@hotmail.com,71,M,Andersonshire,Event organiser
81240,Amanda Johnson,amanda.johnson240@gmail.com,37,F,Murrayport,"Teacher, English as a foreign language"
1607,Keith Hughes,keith.hughes607@hotmail.com,68,F,Lake Kennethview,Patent examiner
31039,Jessica Fowler,jessica.fowler39@gmail.com,56,M,West Shanechester,Fish farm manager
47526,Stephen Christensen,stephen.christensen526@yahoo.com,50,M,Peggyport,Retail manager
44079,Rodney Smith,rodney.smith79@hotmail.com,21,M,Lake Victoriachester,Printmaker
19774,Richard Parks,richard.parks774@hotmail.com,26,F,West Ronaldburgh,Surgeon
87925,Kenneth Jones,kenneth.jones925@yahoo.com,37,F,Joanneburgh,Early years teacher
19043,Ashley Jacobs,ashley.jacobs43@yahoo.com,45,F,Lopezborough,"Merchandiser, retail"
6570,Connie Curtis,connie.curtis570@hotmail.com,78,M,Port Stevenbury,Orthoptist
49742,Lawrence Kelly PhD,lawrence.kelly.phd742@gmail.com,70,F,Lake Lynn,Retail banker
60984,Robert Garrison,robert.garrison984@gmail.com,73,F,Lake Andreaborough,Management consultant
14860,Micheal Aguilar,micheal.aguilar860@gmail.com,65,M,New Josephshire,Chartered legal executive (England and Wales)
47948,Rachel Martinez,rachel.martinez948@hotmail.com,26,F,Meyerberg,Fish farm manager
82645,Gabriela Mccoy,gabriela.mccoy645@gmail.com,64,M,Campbellfurt,Music therapist
96350,Amber Lane,amber.lane350@yahoo.com,58,M,East Josephhaven,Economist
29426,Timothy Larson,timothy.larson426@yahoo.com,29,M,East Derek,Forest/woodland manager
70937,Steven Howard,steven.howard937@yahoo.com,35,F,Geoffreyhaven,Fitness centre manager
1569,Michael Lewis,michael.lewis569@yahoo.com,77,F,Scottbury,Art therapist
13371,Kerry King,kerry.king371@gmail.com,64,M,Port Jacobhaven,Retail manager
23106,Ms. Tanya Adams,ms..tanya.adams106@gmail.com,26,M,East Brian,Commercial horticulturist
38555,Cheryl Anderson,cheryl.anderson555@gmail.com,57,F,Port Christineport,Armed forces technical officer
54113,Christopher White,christopher.white113@hotmail.com,44,F,North Johnborough,Claims inspector/assessor
66315,Sharon Delgado,sharon.delgado315@hotmail.com,23,F,Allisonburgh,"Scientist, clinical (histocompatibility and immunogenetics)"
33258,Alexander Wright,alexander.wright258@hotmail.com,33,M,Lauraburgh,"Surveyor, commercial/residential"
32114,Keith Gonzalez,keith.gonzalez114@yahoo.com,76,M,Port Lisa,Brewing technologist
69222,Anna Fletcher,anna.fletcher222@gmail.com,32,F,Smithshire,Commissioning editor
84259,Jessica Kelly,jessica.kelly259@yahoo.com,38,F,Thomasport,Quantity surveyor
81934,Susan Gutierrez,susan.gutierrez934@yahoo.com,73,M,East Clinton,Paramedic
89373,Mark Chan,mark.chan373@gmail.com,31,M,South Alexanderside,Arts development officer
50285,Toni Collins,toni.collins285@gmail.com,80,F,Lake Craig,Social researcher
18455,David Lee,david.lee455@yahoo.com,28,F,Johnsonport,Multimedia specialist
77342,Nicole Morales,nicole.morales342@gmail.com,35,M,West Haley,Manufacturing engineer
29004,John Moon,john.moon4@hotmail.com,79,M,Port Anita,"Engineer, electronics"
70502,Bradley Day,bradley.day502@yahoo.com,80,F,Lake Hunterville,Financial manager
75473,Jeffrey Wade,jeffrey.wade473@gmail.com,63,F,Port Joshuafurt,"Copywriter, advertising"
59485,Marissa Gomez,marissa.gomez485@gmail.com,71,M,Johnsonshire,"Engineer, civil (consulting)"
47959,Samuel Humphrey,samuel.humphrey959@yahoo.com,49,M,Kimberlyland,"Geologist, engineering"
95345,Erin Vaughn,erin.vaughn345@gmail.com,61,M,Port Johnathanfort,Production manager
14899,Daniel Gray,daniel.gray899@gmail.com,45,F,Williamsborough,"Designer, furniture"
71164,Diane Rodriguez,diane.rodriguez164@hotmail.com,58,F,Port Staceyside,Product manager
98029,Chad Watson,chad.watson29@gmail.com,39,F,Wendyland,"Pharmacist, hospital"
85096,Denise Sandoval,denise.sandoval96@hotmail.com,23,M,Garrisontown,IT technical support officer
78427,Terry Johnson,terry.johnson427@gmail.com,40,M,Bowenstad,Purchasing manager
57728,Kimberly Bowen,kimberly.bowen728@hotmail.com,37,M,Martinport,"Designer, textile"
82922,Lauren Marshall,lauren.marshall922@gmail.com,57,F,Bowenborough,Aid worker
10250,Brent Morris,brent.morris250@hotmail.com,61,F,Buckleymouth,"Surveyor, insurance"
5585,Joel Davidson,joel.davidson585@gmail.com,80,M,East Olivia,Tourist information centre manager
54359,Jorge Lewis,jorge.lewis359@yahoo.com,70,M,Bennettland,Catering manager
57740,Jaclyn Meyers,jaclyn.meyers740@gmail.com,42,M,West Jennifer,Publishing rights manager
1847,Debra Hardin,debra.hardin847@hotmail.com,71,F,Hillmouth,"Designer, ceramics/pottery"
97778,Frank Stewart,frank.stewart778@gmail.com,36,M,Doylemouth,Press sub
82276,David Nguyen,david.nguyen276@gmail.com,67,F,Dwayneside,Drilling engineer
74249,Alexis Perez,alexis.perez249@gmail.com,22,F,Mayerview,Soil scientist
73713,Katelyn Reyes,katelyn.reyes713@yahoo.com,20,M,Lake Brittany,"Engineer, electronics"
58993,Jason Kelly,jason.kelly993@gmail.com,54,M,East Cynthia,Risk analyst
75909,Mark Evans,mark.evans909@yahoo.com,73,F,Lake Norman,Warehouse manager
34217,Andres Sullivan,andres.sullivan217@yahoo.com,69,F,New William,Interior and spatial designer
6980,Mark Harris,mark.harris980@hotmail.com,28,M,Marissachester,Broadcast journalist
89776,David Mccall,david.mccall776@yahoo.com,52,F,Barbaraburgh,Phytotherapist
261,Derek Collier,derek.collier261@gmail.com,41,M,Port Shaunfort,"Programmer, multimedia"
20372,Ricardo Bennett,ricardo.bennett372@yahoo.com,40,M,Patrickville,"Development worker, community"
33870,Brandi Hendricks,brandi.hendricks870@yahoo.com,31,M,Maddoxville,Fashion designer
4418,Thomas Mercado,thomas.mercado418@gmail.com,66,F,Jonathanville,Race relations officer
51873,John Osborne,john.osborne873@gmail.com,24,M,Andersonmouth,Financial adviser
94463,Jared Miller,jared.miller463@gmail.com,65,M,Kevinville,"Designer, exhibition/display"
21134,Rachel Miller,rachel.miller134@yahoo.com,54,M,Lake Christopherside,Telecommunications researcher
41064,Sean Herman,sean.herman64@gmail.com,28,M,East Pamelaville,"Teacher, adult education"
39398,Marc Lewis,marc.lewis398@gmail.com,48,M,Port Anneborough,Podiatrist
12286,Tracy Griffin,tracy.griffin286@hotmail.com,68,F,Krystalshire,Meteorologist
88307,Thomas Walters,thomas.walters307@hotmail.com,67,F,Gabriellafurt,Estate manager/land agent
54009,Mark Cooper,mark.cooper9@yahoo.com,36,F,North Reneeside,"Engineer, automotive"
28074,Thomas Allen,thomas.allen74@yahoo.com,50,M,Tuckermouth,Radiation protection practitioner
2544,Margaret Potter,margaret.potter544@gmail.com,65,M,West Scott,Public relations officer
91546,Stephanie Wise,stephanie.wise546@gmail.com,21,F,Lake Susan,Medical secretary
55159,Rachel Wood,rachel.wood159@gmail.com,37,F,West Nicolestad,"Scientist, forensic"
32442,Kimberly Lee,kimberly.lee442@gmail.com,79,M,Jennifermouth,Archaeologist
77773,Abigail Carr,abigail.carr773@gmail.com,73,M,Brownport,Textile designer
97858,Michael Hughes,michael.hughes858@gmail.com,25,M,North Brad,Forest/woodland manager
95632,Jeremy Rodgers,jeremy.rodgers632@yahoo.com,31,M,North Ryanport,"Psychotherapist, child"
54390,Tracy Spencer,tracy.spencer390@yahoo.com,45,F,South Brendastad,Physiotherapist
2468,Jamie White,jamie.white468@hotmail.com,62,F,New Chris,"Accountant, chartered public finance"
60355,Carl Neal,carl.neal355@yahoo.com,53,F,New Taylor,"Therapist, drama"
23231,Matthew Howard MD,matthew.howard.md231@gmail.com,67,M,Lake Josephton,Air traffic controller
95698,Abigail Fletcher,abigail.fletcher698@yahoo.com,70,M,North David,Television floor manager
67780,Bruce Gibbs,bruce.gibbs780@hotmail.com,24,M,Johnsonside,Estate agent
41094,Mr. Thomas Russell,mr..thomas.russell94@hotmail.com,25,F,Whiteside,Public affairs consultant
73943,Timothy Peters,timothy.peters943@hotmail.com,62,M,East Robert,IT trainer
12322,Dave Peterson,dave.peterson322@hotmail.com,68,F,East Thomaston,Photographer
88827,Nicholas Wyatt,nicholas.wyatt827@gmail.com,30,F,Lake Ronaldshire,"Therapist, music"
77195,Terri Hoover,terri.hoover195@yahoo.com,23,F,Ryanland,Photographer
75008,Thomas Mooney,thomas.mooney8@hotmail.com,52,F,Bradleychester,Environmental manager
53323,Donna Walker,donna.walker323@yahoo.com,41,F,Stephaniemouth,Medical illustrator
97444,Devin Long,devin.long444@gmail.com,53,M,Lake Tyler,Contracting civil engineer
72835,Wendy Warren,wendy.warren835@yahoo.com,61,F,North Kimburgh,Sports administrator
34457,Ryan Jackson,ryan.jackson457@yahoo.com,40,F,Torresside,Adult nurse
13477,Gregory Patterson,gregory.patterson477@hotmail.com,71,M,East Jacob,"Psychologist, occupational"
35329,Amanda Webb,amanda.webb329@gmail.com,55,F,Vangton,Advice worker
17083,April Moran,april.moran83@gmail.com,75,M,New Elizabethshire,"Teacher, English as a foreign language"
84916,Zachary Durham,zachary.durham916@gmail.com,42,F,Lake Emilyview,"Engineer, electrical"
35972,James Sanchez,james.sanchez972@gmail.com,64,M,Jenniferborough,Volunteer coordinator
47059,Lawrence Gordon,lawrence.gordon59@gmail.com,19,F,Port Jerry,Chartered legal executive (England and Wales)
88966,Jackie Castro,jackie.castro966@yahoo.com,29,M,Paulborough,Drilling engineer
16762,Marc Reyes,marc.reyes762@gmail.com,67,M,West Alexanderview,"Librarian, public"
73781,Justin Hancock,justin.hancock781@hotmail.com,48,M,Cindyview,Trade mark attorney
15887,Robert Gray,robert.gray887@hotmail.com,63,F,East Joshuaborough,Sport and exercise psychologist
41717,Amanda Welch,amanda.welch717@gmail.com,77,M,Cobbburgh,Public relations account executive
85555,Alec Perry,alec.perry555@yahoo.com,73,M,North Hunter,Educational psychologist
26044,Jeffrey Smith,jeffrey.smith44@yahoo.com,56,M,Lake Dillon,Mechanical engineer
59012,Matthew Fuller,matthew.fuller12@gmail.com,32,F,Samuelville,Tax inspector
23665,Charles Mendoza,charles.mendoza665@hotmail.com,19,F,Huffmanmouth,Education administrator
71094,Larry Clark,larry.clark94@yahoo.com,67,M,New Sarahmouth,Minerals surveyor
9993,Olivia Becker,olivia.becker993@hotmail.com,22,F,Hessfurt,Sports coach
18470,David Morris,david.morris470@hotmail.com,74,M,East Andrea,"Editor, magazine features"
31208,Katherine Vega,katherine.vega208@gmail.com,26,F,Yolandamouth,Print production planner
16852,James Jones,james.jones852@hotmail.com,23,M,Hullborough,Estate agent
12457,Vanessa Franklin,vanessa.franklin457@hotmail.com,29,F,South Ronald,Land
54824,Dennis Hart,dennis.hart824@yahoo.com,41,M,East Davidborough,Barrister
45930,Rebekah Sullivan,rebekah.sullivan930@gmail.com,40,F,Lake Andrea,"Engineer, production"
65503,Ryan Martinez,ryan.martinez503@gmail.com,78,M,Lake Robert,Lexicographer
72533,Jonathan Villa,jonathan.villa533@hotmail.com,38,M,Lake Jamiemouth,Radiation protection practitioner
92854,Megan Smith DDS,megan.smith.dds854@yahoo.com,47,M,Beverlyfort,Drilling engineer
16672,Lisa Roberts,lisa.roberts672@hotmail.com,45,F,Andersonburgh,"Journalist, broadcasting"
35248,Alex Roberts,alex.roberts248@hotmail.com,20,F,West Michelleton,Best boy
19907,Aaron Barnes,aaron.barnes907@yahoo.com,62,M,New Nancymouth,"Teacher, secondary school"
14011,Ashley Moore,ashley.moore11@yahoo.com,52,M,Christinebury,Translator
6509,Gary Wright,gary.wright509@hotmail.com,63,F,North Emily,Production engineer
35815,Claudia Chapman,claudia.chapman815@yahoo.com,23,M,New Christineport,"Psychologist, counselling"
24750,Samantha Gonzalez,samantha.gonzalez750@yahoo.com,51,F,Rickyville,Barista
55050,Joseph Watson,joseph.watson50@yahoo.com,62,F,New Danielleland,Animal technologist
27579,Gabrielle Wheeler,gabrielle.wheeler579@gmail.com,41,M,Taylorberg,Ergonomist
43949,Suzanne Wright,suzanne.wright949@hotmail.com,20,F,West Theresa,Pension scheme manager
4504,Jennifer Gibson,jennifer.gibson504@gmail.com,67,M,South Colin,Community arts worker
49410,Elizabeth Holmes,elizabeth.holmes410@gmail.com,80,F,Huangville,Dancer
99630,Amy Roberts,amy.roberts630@yahoo.com,36,M,North Sarah,Fine artist
62268,Peggy Riggs,peggy.riggs268@gmail.com,31,F,Port Brandon,Television camera operator
93557,Renee Morris,renee.morris557@yahoo.com,29,M,New Manuel,Public house manager
8907,Mr. Matthew Cline DDS,mr..matthew.cline.dds907@hotmail.com,60,M,Port Donnaton,Commercial/residential surveyor
2226,Christopher Baker,christopher.baker226@hotmail.com,63,F,Gonzalezburgh,Fish farm manager
70106,Joyce Blake,joyce.blake106@hotmail.com,69,F,Edwardton,"Surveyor, land/geomatics"
79008,Kelly Curtis,kelly.curtis8@hotmail.com,24,M,Hernandezside,Patent examiner
73847,Carla Macias,carla.macias847@gmail.com,78,M,West Michaelport,Geochemist
20269,Cole Williams,cole.williams269@yahoo.com,32,F,West Joshuabury,Government social research officer
10013,Christopher Phelps,christopher.phelps13@yahoo.com,73,M,Lake Andrea,Teaching laboratory technician
23780,Brian Walton,brian.walton780@gmail.com,52,M,Williamsonburgh,Education administrator
26095,Michelle Garcia,michelle.garcia95@hotmail.com,51,F,Martinezburgh,Advertising account executive
31474,Janet Gay,janet.gay474@yahoo.com,26,F,South Anita,Ambulance person
44711,Mrs. Amanda Spears,mrs..amanda.spears711@yahoo.com,70,F,Dorothyton,Race relations officer
43713,Candace Smith,candace.smith713@hotmail.com,65,M,Kimhaven,Media buyer
54917,Troy Gardner,troy.gardner917@gmail.com,56,F,Lake Robert,"Scientist, research (physical sciences)"
78387,Sarah Baker,sarah.baker387@gmail.com,28,F,East Cynthiamouth,Systems analyst
72937,Erik Holloway,erik.holloway937@hotmail.com,71,M,Jenningsfurt,Prison officer
59946,Carol Floyd,carol.floyd946@gmail.com,64,M,Port Annachester,Banker
41061,Jennifer Parrish,jennifer.parrish61@gmail.com,23,F,Pattonside,Comptroller
15588,Rebecca Martin,rebecca.martin588@hotmail.com,23,M,Huertashire,"Engineer, technical sales"
7208,Gina Rodgers,gina.rodgers208@hotmail.com,47,F,Port Sarahchester,Historic buildings inspector/conservation officer
8667,John Knight,john.knight667@hotmail.com,69,M,Taylorberg,Amenity horticulturist
57859,Nicole Waller,nicole.waller859@gmail.com,33,F,East Andrewchester,Bookseller
93960,Justin Martin,justin.martin960@hotmail.com,33,F,East Justinmouth,Furniture conservator/restorer
2102,Stacy Wallace,stacy.wallace102@gmail.com,20,F,Mathiston,Recruitment consultant
86901,Teresa Wells,teresa.wells901@yahoo.com,75,F,Fosterstad,Pensions consultant
20811,Lori Jones,lori.jones811@hotmail.com,35,M,Port Kenneth,"Designer, interior/spatial"
42843,Russell Holloway,russell.holloway843@gmail.com,21,F,West David,"Investment banker, operational"
13713,Michelle Gallagher,michelle.gallagher713@gmail.com,20,M,West Nicole,"Conservation officer, historic buildings"
1597,Julia Bernard,julia.bernard597@yahoo.com,77,M,Delgadostad,Broadcast journalist
97153,Craig Smith,craig.smith153@gmail.com,57,F,Davidbury,Contracting civil engineer
25154,Joseph Bentley,joseph.bentley154@gmail.com,29,F,East Karen,Health and safety adviser
3166,Dr. Melissa Daniels DVM,dr..melissa.daniels.dvm166@hotmail.com,26,M,Lake Jennachester,Site engineer
27895,Brad Byrd,brad.byrd895@gmail.com,72,M,East Erinhaven,"Engineer, energy"
99226,Vanessa Dixon,vanessa.dixon226@hotmail.com,60,F,New Jacob,Counselling psychologist
52323,Jacob Mason,jacob.mason323@hotmail.com,28,M,New Michaelland,Sports therapist
80363,Edwin Cardenas,edwin.cardenas363@hotmail.com,79,F,Lopezfort,Ergonomist
27530,Dr. Anthony Smith DDS,dr..anthony.smith.dds530@gmail.com,33,F,Jacksonton,Ceramics designer
19299,Denise David,denise.david299@yahoo.com,40,F,Alexistown,Geophysical data processor
53849,Caitlin Savage,caitlin.savage849@yahoo.com,41,F,Paulberg,Colour technologist
9179,Melissa Zavala,melissa.zavala179@gmail.com,55,F,Port Ronnieton,Air traffic controller
51413,Erika Walker,erika.walker413@gmail.com,59,F,Weberside,Paediatric nurse
28095,Bonnie Marshall,bonnie.marshall95@yahoo.com,49,F,West Seth,"Engineer, technical sales"
17188,David Reed,david.reed188@yahoo.com,67,F,Rogersberg,Newspaper journalist
7510,Rachel Patterson,rachel.patterson510@hotmail.com,50,F,Armstronghaven,"Engineer, agricultural"
75971,Julie Walker,julie.walker971@yahoo.com,19,F,New Brittanyburgh,Tourism officer
93354,Hannah Bennett,hannah.bennett354@yahoo.com,52,M,East Franklin,Personal assistant
70098,Sara Rodriguez,sara.rodriguez98@hotmail.com,21,M,New John,Radio producer
60328,Mark Williams,mark.williams328@hotmail.com,41,F,New Rebecca,Hospital pharmacist
4098,Matthew Thomas,matthew.thomas98@gmail.com,24,M,West Brookemouth,Call centre manager
99493,Dustin Gonzalez,dustin.gonzalez493@gmail.com,28,M,Port Morgan,Civil Service administrator
56691,Nathaniel Daniels,nathaniel.daniels691@gmail.com,39,F,Monicaburgh,"Programmer, multimedia"
7845,David Williams,david.williams845@hotmail.com,39,M,Lunaview,"Therapist, sports"
98284,Ashlee Johnson,ashlee.johnson284@hotmail.com,33,M,Lake Kimberlyton,Scientific laboratory technician
14611,Matthew Hodges,matthew.hodges611@hotmail.com,34,F,West Matthew,"Engineer, manufacturing systems"
32515,Robert Salazar,robert.salazar515@hotmail.com,78,F,Kimbury,"Solicitor, Scotland"
30005,Lindsay Johnson,lindsay.johnson5@hotmail.com,39,F,Lake Tony,Travel agency manager
62275,Logan Owens,logan.owens275@gmail.com,18,F,Martinezfort,Control and instrumentation engineer
54905,Angela Fox,angela.fox905@gmail.com,72,M,Wyattborough,Chief Technology Officer
76958,Rachel Rodriguez,rachel.rodriguez958@yahoo.com,46,M,Perkinsview,Immunologist
98711,Ashley Myers,ashley.myers711@hotmail.com,20,F,Kelleyfurt,Broadcast presenter
29299,Mrs. Stacy Brown MD,mrs..stacy.brown.md299@hotmail.com,21,M,East Anna,Chief Technology Officer
12706,Michael Flores,michael.flores706@yahoo.com,54,F,East Christopher,Mental health nurse
61361,Justin Gilbert,justin.gilbert361@yahoo.com,67,F,Port Adam,Advertising account planner
65551,Sarah Hutchinson,sarah.hutchinson551@yahoo.com,74,M,Robbinsfort,"Engineer, technical sales"
14921,Daniel Garcia,daniel.garcia921@gmail.com,44,M,North Sharifurt,Printmaker
15644,Adam Cooper,adam.cooper644@gmail.com,29,M,New Richardhaven,Public relations account executive
53006,Michael Miranda,michael.miranda6@hotmail.com,33,M,South Michaelland,Broadcast presenter
83929,James Hall,james.hall929@hotmail.com,48,F,Curtisfort,"Psychotherapist, child"
54009,David Bailey,david.bailey9@gmail.com,44,M,Josephburgh,Chartered accountant
91389,Felicia Sanchez,felicia.sanchez389@hotmail.com,37,F,Michelletown,Quantity surveyor
35112,Lauren Jones,lauren.jones112@yahoo.com,77,M,Sarafort,Clinical biochemist
54182,Candace Prince,candace.prince182@hotmail.com,50,F,East James,"Programmer, multimedia"
76918,Christopher Nelson,christopher.nelson918@gmail.com,18,F,Weberberg,Photographer
29933,Maria Smith,maria.smith933@yahoo.com,68,M,Lake James,Art gallery manager
33818,Rhonda Dillon,rhonda.dillon818@hotmail.com,78,F,Rogerport,Theatre stage manager
38516,James Hubbard,james.hubbard516@hotmail.com,42,M,Rickeytown,Radio broadcast assistant
59666,Tina Welch,tina.welch666@hotmail.com,80,F,East Natalie,"Journalist, broadcasting"
24652,Christopher Ellis,christopher.ellis652@yahoo.com,66,F,South Josephfort,"Surveyor, quantity"
42380,Debra Franklin,debra.franklin380@yahoo.com,79,M,New Josephmouth,Scientific laboratory technician
92645,Allison Holder,allison.holder645@hotmail.com,19,F,North Allison,Commercial horticulturist
7187,Mark Morrison,mark.morrison187@gmail.com,31,M,North Gloriaport,"Production assistant, radio"
96911,Stephen Barajas,stephen.barajas911@yahoo.com,43,M,Christopherstad,Trading standards officer
2798,Joshua Cuevas,joshua.cuevas798@yahoo.com,60,F,Hillbury,Comptroller
19972,Molly Collins,molly.collins972@hotmail.com,22,F,West Erikachester,Database administrator
63063,Diana Chambers,diana.chambers63@yahoo.com,20,M,North William,"Psychotherapist, dance movement"
10726,Miss Destiny Mullen DDS,miss.destiny.mullen.dds726@yahoo.com,19,M,Stewartland,Chartered management accountant
95698,Paula Hinton,paula.hinton698@hotmail.com,80,M,North Timothymouth,Professor Emeritus
28215,Cynthia Silva,cynthia.silva215@gmail.com,30,M,Samuelmouth,Print production planner
31872,Jonathan Alvarez DDS,jonathan.alvarez.dds872@yahoo.com,76,F,Williamsstad,Health service manager
40091,Brandy Little,brandy.little91@hotmail.com,26,M,West Jessica,Historic buildings inspector/conservation officer
18283,David Wood,david.wood283@hotmail.com,59,F,Port Dorisbury,Product manager
80647,Jeffrey Davis,jeffrey.davis647@hotmail.com,57,F,Port Deborahshire,Magazine features editor
6156,Dr. Matthew Trevino,dr..matthew.trevino156@hotmail.com,33,M,Lake Dianeland,Dispensing optician
7632,Richard Contreras,richard.contreras632@gmail.com,55,F,Brittneychester,Print production planner
97032,Amanda Terry,amanda.terry32@hotmail.com,53,F,North Justin,Media buyer
29628,Rodney Hernandez,rodney.hernandez628@hotmail.com,68,F,Lake Thomaschester,English as a foreign language teacher
48214,Justin Andersen,justin.andersen214@yahoo.com,60,F,Jerryborough,Product manager
6035,Tom Mcmahon,tom.mcmahon35@gmail.com,71,M,Shawside,Learning mentor
32899,Diana Keith,diana.keith899@hotmail.com,43,F,East Fredland,Furniture conservator/restorer
87988,Ricardo Pacheco,ricardo.pacheco988@hotmail.com,35,M,West Gina,"Designer, textile"
47488,Laura Koch,laura.koch488@yahoo.com,47,M,Tiffanyborough,"Designer, textile"
27748,Lori Murphy,lori.murphy748@gmail.com,64,F,Klineshire,Office manager
62031,Tamara Rivas,tamara.rivas31@yahoo.com,61,M,Kerrymouth,Exercise physiologist
87268,Paula Owens,paula.owens268@gmail.com,62,M,Port John,Textile designer
96331,Alyssa Lynn,alyssa.lynn331@gmail.com,58,M,South Adam,Pensions consultant
33635,Nichole Lee,nichole.lee635@hotmail.com,18,M,New Joseph,Medical technical officer
85653,Kristin Simpson,kristin.simpson653@gmail.com,71,M,Phelpsfurt,Accounting technician
8079,Daryl Cross,daryl.cross79@gmail.com,53,F,Walkerhaven,Artist
98014,Eric Bryant,eric.bryant14@hotmail.com,79,M,Holtberg,Special effects artist
64773,Tracy Reynolds,tracy.reynolds773@yahoo.com,58,F,North Elizabethside,Charity officer
23345,Courtney Turner,courtney.turner345@gmail.com,49,M,Rodriguezfurt,Ophthalmologist
98201,Karen Stevens,karen.stevens201@yahoo.com,51,F,Jennifermouth,Hydrologist
25209,Paul Dixon,paul.dixon209@gmail.com,61,F,West Matthewfort,Sub
84718,John Vaughn,john.vaughn718@hotmail.com,69,M,Dennisborough,"Designer, textile"
26459,Randall Scott,randall.scott459@hotmail.com,48,M,Steveview,Seismic interpreter
92634,Dustin Hall,dustin.hall634@yahoo.com,76,F,South Jennifer,Brewing technologist
10206,James Stewart,james.stewart206@hotmail.com,38,F,Lake Austinbury,Production engineer
63685,Eugene Anderson,eugene.anderson685@hotmail.com,69,F,Lorishire,Editorial assistant
98139,Melissa Carpenter PhD,melissa.carpenter.phd139@hotmail.com,69,F,Sanchezbury,Research scientist (physical sciences)
46751,Sara Hawkins,sara.hawkins751@yahoo.com,26,M,Port Diana,Television floor manager
19885,Haley Hines,haley.hines885@hotmail.com,23,F,Brittanybury,Insurance risk surveyor
76591,Devin Moreno,devin.moreno591@gmail.com,71,M,Simsshire,Social researcher
4160,Jessica Novak,jessica.novak160@yahoo.com,78,F,Houseshire,Electronics engineer
89522,Brandi Vasquez,brandi.vasquez522@gmail.com,73,F,Christianberg,"Education officer, community"
67921,Megan Mitchell,megan.mitchell921@gmail.com,44,F,Torresbury,"Administrator, local government"
12154,John Hall,john.hall154@yahoo.com,43,F,Sandramouth,"Programmer, systems"
80505,Victor Goodwin,victor.goodwin505@yahoo.com,49,F,Vanessaland,Physiological scientist
42485,Teresa Rodriguez,teresa.rodriguez485@yahoo.com,49,F,Port Wanda,"Optician, dispensing"
30893,Robert Craig,robert.craig893@yahoo.com,25,F,Garystad,Firefighter
83128,Lindsey Maxwell,lindsey.maxwell128@gmail.com,25,F,New Emmaborough,Professor Emeritus
83544,John Taylor,john.taylor544@gmail.com,26,M,Kevinbury,Software engineer
81398,Jeffrey Brown,jeffrey.brown398@yahoo.com,35,M,West Gabrielle,"Psychologist, educational"
49109,Colleen Williams MD,colleen.williams.md109@yahoo.com,32,F,Kathleenchester,Trade mark attorney
49685,William Smith,william.smith685@gmail.com,73,M,Youngview,"Investment banker, corporate"
71566,Kristen Richardson MD,kristen.richardson.md566@yahoo.com,62,F,Martinezborough,"Development worker, community"
31899,Robert Smith,robert.smith899@yahoo.com,44,M,Lake Amanda,"Conservation officer, historic buildings"
95009,Pamela House,pamela.house9@yahoo.com,23,F,Lopezbury,"Clinical scientist, histocompatibility and immunogenetics"
62095,Brad Harvey,brad.harvey95@hotmail.com,75,M,Steventon,Banker
39126,Bailey Hinton,bailey.hinton126@gmail.com,46,F,Phamborough,Legal secretary
1501,Benjamin Wilson,benjamin.wilson501@hotmail.com,53,M,Kelleyshire,"Scientist, research (physical sciences)"
23236,Denise Nguyen,denise.nguyen236@gmail.com,77,M,South Theresa,Furniture conservator/restorer
27916,Leslie Arnold,leslie.arnold916@yahoo.com,30,F,Port James,Claims inspector/assessor
51666,Joseph Jones,joseph.jones666@gmail.com,41,M,Port Crystalside,Advertising copywriter
93424,Michael Mitchell,michael.mitchell424@yahoo.com,31,F,West Allisonshire,"Engineer, biomedical"
60835,Amber Wise,amber.wise835@gmail.com,42,F,South James,Soil scientist
67697,Michael Boyer,michael.boyer697@hotmail.com,46,M,North Thomasborough,"Lecturer, further education"
63522,Curtis Parks,curtis.parks522@gmail.com,18,M,Rodneyfurt,Sports administrator
50469,Lisa Bennett,lisa.bennett469@gmail.com,41,M,Keithmouth,"Research officer, trade union"
89232,Sherri Hill,sherri.hill232@hotmail.com,65,F,Port Alexandra,Occupational therapist
61359,Jill Moore,jill.moore359@hotmail.com,71,M,New Vanessa,Podiatrist
8686,Leslie Gutierrez,leslie.gutierrez686@hotmail.com,50,M,New Jackie,Sub
65751,Kenneth Franklin,kenneth.franklin751@hotmail.com,57,F,Port Daltonton,Chartered legal executive (England and Wales)
29846,Ms. Melissa Johnson MD,ms..melissa.johnson.md846@hotmail.com,40,F,New Carmenburgh,Financial trader
86726,Emily Boone,emily.boone726@gmail.com,74,M,West Joshuaside,"Engineer, aeronautical"
14913,Laurie Green,laurie.green913@yahoo.com,34,M,Riverafort,"Psychologist, occupational"
9756,Cynthia Wood DVM,cynthia.wood.dvm756@gmail.com,35,M,Richardport,Historic buildings inspector/conservation officer
53536,Lisa Hernandez,lisa.hernandez536@hotmail.com,73,F,South Bradleyfort,Art therapist
21451,Clinton Rivera,clinton.rivera451@gmail.com,43,M,Smithchester,"Journalist, broadcasting"
21998,Ashlee Johnson,ashlee.johnson998@hotmail.com,57,F,Campbellshire,"Administrator, local government"
96553,Crystal Snyder,crystal.snyder553@yahoo.com,49,F,Silvahaven,Operational investment banker
97792,Robin Matthews,robin.matthews792@hotmail.com,80,M,Mcintoshfurt,Community education officer
57496,William Lozano,william.lozano496@hotmail.com,37,F,Rodneymouth,"Psychologist, occupational"
32390,Erica Cook,erica.cook390@yahoo.com,20,F,Dawnhaven,Statistician
36776,Crystal Baker MD,crystal.baker.md776@yahoo.com,32,F,Deniseburgh,Occupational therapist
86065,Zachary Collins,zachary.collins65@yahoo.com,74,M,Meganfurt,Personnel officer
95186,Steven Mitchell,steven.mitchell186@gmail.com,80,F,Samuelshire,Research scientist (life sciences)
27439,Felicia Graham,felicia.graham439@yahoo.com,57,F,Justinside,"Engineer, drilling"
15227,Edward Chan,edward.chan227@hotmail.com,76,M,Hannahton,Dentist
51760,Michael Paul,michael.paul760@hotmail.com,73,M,South Tinaside,Interior and spatial designer
59356,Mary Hill,mary.hill356@hotmail.com,67,M,Andreaberg,"Scientist, clinical (histocompatibility and immunogenetics)"
69746,David Cabrera,david.cabrera746@gmail.com,40,M,Port Christophermouth,Accommodation manager
90947,Lauren Johnson,lauren.johnson947@yahoo.com,27,M,Jacquelineberg,"Producer, radio"
55136,Mark Martin,mark.martin136@yahoo.com,66,F,South Stevenmouth,Environmental education officer
82069,Scott Dominguez,scott.dominguez69@hotmail.com,60,F,South Brenda,Optometrist
20656,Jennifer Lewis,jennifer.lewis656@gmail.com,47,M,Markton,Press photographer
45650,Anthony Wall,anthony.wall650@yahoo.com,76,M,Valenciafurt,Mudlogger
82011,Patrick Jenkins,patrick.jenkins11@yahoo.com,22,F,Brianberg,"Development worker, community"
25633,Brianna Salazar,brianna.salazar633@yahoo.com,46,F,East Juliebury,"Accountant, chartered management"
63121,Ryan Ramirez,ryan.ramirez121@hotmail.com,52,F,Ramirezshire,"Doctor, hospital"
78272,Christopher Landry,christopher.landry272@hotmail.com,75,M,Josephhaven,Agricultural consultant
28824,William Bailey,william.bailey824@yahoo.com,52,M,East Michael,Advertising art director
4137,Tony Morgan,tony.morgan137@hotmail.com,45,M,Livingstonhaven,Magazine features editor
62598,Brett Brown,brett.brown598@yahoo.com,67,F,Martinezhaven,"Therapist, horticultural"
28632,Daniel Berry,daniel.berry632@hotmail.com,28,M,Whitetown,"Engineer, communications"
10903,Nicholas Wu,nicholas.wu903@gmail.com,58,F,Patrickview,"Engineer, civil (contracting)"
5545,Elizabeth Brown,elizabeth.brown545@yahoo.com,49,M,Andersonburgh,"Programmer, applications"
3885,Sandy Perez,sandy.perez885@hotmail.com,24,M,Lake Catherine,Public affairs consultant
95662,Betty Cardenas,betty.cardenas662@yahoo.com,34,F,Port Kristinshire,Sports coach
16673,Samuel Hebert,samuel.hebert673@hotmail.com,45,M,Herbertton,"Accountant, chartered"
12591,Heather Alvarez,heather.alvarez591@hotmail.com,77,F,North Amy,Games developer
8797,Kevin Davis,kevin.davis797@hotmail.com,76,M,Wilsonborough,Applications developer
78490,Robert Webster,robert.webster490@hotmail.com,38,F,Port Amber,Visual merchandiser
90983,Richard Brown,richard.brown983@gmail.com,58,F,Kristinville,Planning and development surveyor
6933,Joshua Torres,joshua.torres933@hotmail.com,23,F,North Kristenville,Management consultant
76421,Michael Brown,michael.brown421@hotmail.com,34,M,North Pamela,"Engineer, broadcasting (operations)"
97444,April Whitney,april.whitney444@gmail.com,37,M,Port Dorisstad,"Nurse, mental health"
65834,Joshua Oconnor,joshua.oconnor834@yahoo.com,36,F,Jimenezview,Further education lecturer
98194,Jeffrey Martinez,jeffrey.martinez194@hotmail.com,59,M,Carolton,Passenger transport manager
7391,Tracy Hart,tracy.hart391@gmail.com,75,M,Carlastad,Applications developer
86575,Sarah Scott,sarah.scott575@yahoo.com,59,M,West Marcuschester,Lobbyist
14719,Todd Phillips,todd.phillips719@hotmail.com,68,F,West Raymond,Exhibition designer
54864,Dwayne Mason,dwayne.mason864@hotmail.com,77,F,Jameschester,"Programmer, multimedia"
68882,Nathaniel Reese,nathaniel.reese882@hotmail.com,58,F,Watsonhaven,"Programmer, applications"
2254,Makayla Cardenas,makayla.cardenas254@gmail.com,33,M,New Christopher,Advertising account executive
53717,Dorothy Martin,dorothy.martin717@hotmail.com,31,M,Hughesfort,Fashion designer
23261,Stacy Potter,stacy.potter261@gmail.com,79,M,Jessicachester,Hospital doctor
49552,Ryan Garcia,ryan.garcia552@yahoo.com,53,F,Bernardberg,Professor Emeritus
88480,Michael Kelly,michael.kelly480@gmail.com,66,M,Kyleburgh,Metallurgist
45541,Dawn Armstrong,dawn.armstrong541@hotmail.com,65,F,Chaneyberg,Town planner
71149,Robin Huber,robin.huber149@gmail.com,67,M,East Samantha,Optometrist
15188,Melanie Harris,melanie.harris188@yahoo.com,22,M,East Kimchester,"Surveyor, rural practice"
25611,Travis Vazquez,travis.vazquez611@gmail.com,61,M,East Howard,Tax adviser
76480,Keith Vaughn,keith.vaughn480@gmail.com,53,F,West John,Prison officer
4300,Tonya Townsend,tonya.townsend300@gmail.com,19,M,Andrewschester,"Research officer, trade union"
18905,Cindy Lee,cindy.lee905@yahoo.com,20,M,Lake Warren,Freight forwarder
41882,Elizabeth Brown,elizabeth.brown882@hotmail.com,63,F,Toddview,"Radiographer, therapeutic"
3698,Ricky Thompson,ricky.thompson698@yahoo.com,68,M,Fuentestown,Museum/gallery exhibitions officer
35554,Alexander Lopez,alexander.lopez554@gmail.com,25,M,North Annette,"Programmer, systems"
84973,Christopher Costa,christopher.costa973@gmail.com,76,M,Port Paulbury,Copy
61909,Jennifer Williams,jennifer.williams909@yahoo.com,42,F,South John,"Administrator, Civil Service"
16891,Scott Jensen,scott.jensen891@hotmail.com,50,M,Fischerfurt,Sports administrator
33975,David Moore,david.moore975@hotmail.com,20,F,West David,Leisure centre manager
46123,Michael Johnston,michael.johnston123@yahoo.com,27,F,Delacruzside,Multimedia programmer
30220,Jonathan Barton,jonathan.barton220@yahoo.com,56,M,West Maryfurt,Information systems manager
60050,Ryan Burch,ryan.burch50@yahoo.com,25,F,North Aliciaberg,Dancer
9249,David Brandt,david.brandt249@hotmail.com,77,M,Sullivanberg,Exercise physiologist
77886,Kenneth Smith,kenneth.smith886@gmail.com,70,M,Brooksport,Further education lecturer
11224,Susan Smith,susan.smith224@hotmail.com,69,F,Nicolemouth,"Lighting technician, broadcasting/film/video"
83584,Susan Rodriguez,susan.rodriguez584@hotmail.com,56,M,West Wendy,Music tutor
71229,Nicholas Evans DDS,nicholas.evans.dds229@hotmail.com,52,M,Haleymouth,Arts development officer
99800,Joshua Gray,joshua.gray800@yahoo.com,47,F,North Deniseborough,Publishing rights manager
686,David Smith,david.smith686@yahoo.com,55,F,Kingfort,"Embryologist, clinical"
18140,James Boyer,james.boyer140@hotmail.com,46,M,Erictown,"Physicist, medical"
1622,Stephanie Fischer,stephanie.fischer622@gmail.com,66,F,Emilyburgh,Print production planner
50157,Keith Savage,keith.savage157@gmail.com,30,F,New Lisa,"Engineer, agricultural"
71489,Samantha Kelley,samantha.kelley489@yahoo.com,18,F,Port Joshuaburgh,"Research officer, political party"
39879,Marilyn Bailey,marilyn.bailey879@yahoo.com,38,M,North April,Farm manager
129,Evan Baker,evan.baker129@yahoo.com,69,F,East Annaview,Health and safety adviser
48159,Travis Gallegos,travis.gallegos159@gmail.com,74,M,Melissatown,"Presenter, broadcasting"
12485,John Mcconnell,john.mcconnell485@gmail.com,76,M,Port Diamond,"Lecturer, higher education"
36595,Robert Butler,robert.butler595@yahoo.com,25,F,East Christopher,Associate Professor
78170,Lauren Hicks,lauren.hicks170@hotmail.com,44,M,West Ronaldville,Customer service manager
67522,Kimberly Blake,kimberly.blake522@yahoo.com,64,M,Cowanborough,Social researcher
59643,Christopher Velazquez,christopher.velazquez643@hotmail.com,56,F,Frederickside,Physiotherapist
64322,Douglas White,douglas.white322@gmail.com,21,F,Lopezhaven,Geophysical data processor
19431,Michelle Downs,michelle.downs431@yahoo.com,72,F,West Martinstad,Chemical engineer
4016,Tom Sharp,tom.sharp16@hotmail.com,44,M,South Carriechester,Medical illustrator
14062,Natalie Myers,natalie.myers62@gmail.com,65,M,Robertmouth,Travel agency manager
11477,Emily Martinez,emily.martinez477@yahoo.com,46,M,New Ashleychester,"Nurse, adult"
33754,Justin Cook,justin.cook754@gmail.com,61,F,Lopezville,Broadcast engineer
15161,Patricia Gilmore,patricia.gilmore161@yahoo.com,66,M,Arthurview,Fashion designer
19728,Catherine Garcia,catherine.garcia728@hotmail.com,73,F,North Jessicastad,Production engineer
18091,Mark Saunders,mark.saunders91@yahoo.com,30,F,Lake Judymouth,"Programmer, systems"
76353,Marcus Roth,marcus.roth353@hotmail.com,28,M,Jeffreyberg,Training and development officer
77978,Jenna Baker,jenna.baker978@gmail.com,78,M,Melissafort,Astronomer
49716,Bradley Calhoun,bradley.calhoun716@gmail.com,33,M,Wyattchester,Optometrist
47579,Veronica Villanueva,veronica.villanueva579@gmail.com,27,F,Byrdville,Conference centre manager
96515,Jeffrey Benjamin,jeffrey.benjamin515@yahoo.com,78,M,Evansfort,Immigration officer
23378,Julia Davidson,julia.davidson378@yahoo.com,37,M,East Felicia,Television/film/video producer
32061,Jennifer Porter,jennifer.porter61@yahoo.com,68,F,Sextonborough,Higher education careers adviser
67935,Bonnie Castro,bonnie.castro935@hotmail.com,69,M,Michelletown,Applications developer
89620,Megan Keith,megan.keith620@yahoo.com,18,M,Lake Dustin,Quality manager
21606,Cory Adams,cory.adams606@gmail.com,63,F,Grantton,"Investment banker, operational"
22619,Sandy Murphy,sandy.murphy619@hotmail.com,67,M,South Michael,"Horticulturist, commercial"
97221,Nicole Henry,nicole.henry221@hotmail.com,73,F,Teresaside,Occupational hygienist
53075,Andrew Meza,andrew.meza75@yahoo.com,38,M,Jacobberg,Food technologist
18641,Francisco Parsons,francisco.parsons641@hotmail.com,79,F,Liberg,"Pharmacist, community"
8341,Elizabeth Hernandez,elizabeth.hernandez341@hotmail.com,19,F,South Jamesfurt,"Research officer, trade union"
55819,Pamela Flores,pamela.flores819@hotmail.com,65,F,Nancyberg,"Conservator, furniture"
85912,Dalton Franklin,dalton.franklin912@yahoo.com,74,F,North Barbaraborough,"Teacher, secondary school"
20994,Christopher Martinez,christopher.martinez994@hotmail.com,49,F,Livingstonberg,"Production assistant, radio"
48303,George Ellis,george.ellis303@hotmail.com,61,M,Browntown,Accommodation manager
76210,Ronald Moore MD,ronald.moore.md210@hotmail.com,21,F,West Thomasbury,"Journalist, broadcasting"
40770,Joshua Miller,joshua.miller770@gmail.com,19,F,South Jimchester,Insurance claims handler
54337,Kevin Maxwell,kevin.maxwell337@gmail.com,36,M,New Marvin,Dramatherapist
66092,Erin Wilcox,erin.wilcox92@hotmail.com,38,M,Nicolehaven,"Engineer, biomedical"
1345,James Thomas,james.thomas345@hotmail.com,52,M,Cynthiashire,Mechanical engineer
47661,James Jones,james.jones661@yahoo.com,79,F,Burtontown,Aeronautical engineer
63468,Joshua Glass,joshua.glass468@yahoo.com,58,M,Lesliefort,Musician
83810,Jessica Mcclure,jessica.mcclure810@gmail.com,53,M,New Adriantown,"Editor, commissioning"
37119,Dawn Patterson,dawn.patterson119@gmail.com,32,M,East Stacey,Multimedia programmer
34544,Martin Parks,martin.parks544@yahoo.com,47,M,South Amanda,"Engineer, agricultural"
78582,Dawn Thompson,dawn.thompson582@gmail.com,49,M,Lake Rebeccaside,Patent attorney
31165,Jonathan Sloan,jonathan.sloan165@yahoo.com,52,M,Lauraburgh,"Therapist, music"
64388,Olivia Holmes,olivia.holmes388@gmail.com,34,M,Acostastad,"Journalist, broadcasting"
99449,Teresa Jackson,teresa.jackson449@yahoo.com,46,F,South Mary,Applications developer
50463,Natasha Henderson,natasha.henderson463@gmail.com,25,F,New Samantha,Counsellor
50177,Robert Watson,robert.watson177@yahoo.com,51,M,Brewermouth,"Loss adjuster, chartered"
42511,Alicia Castro DVM,alicia.castro.dvm511@gmail.com,65,F,Hornton,Computer games developer
54139,Lawrence Patrick,lawrence.patrick139@gmail.com,26,F,Kimberlyton,Chartered management accountant
99391,Patricia Harris,patricia.harris391@yahoo.com,35,F,Leefurt,Commercial/residential surveyor
72953,Christopher Banks,christopher.banks953@hotmail.com,62,F,Danahaven,"Psychologist, counselling"
56752,Randy Pugh,randy.pugh752@yahoo.com,49,M,Davidville,"Teacher, music"
82485,Matthew Wilson,matthew.wilson485@yahoo.com,20,F,North Sherrimouth,"Scientist, marine"
72627,Amy Reynolds,amy.reynolds627@gmail.com,48,M,Jodymouth,Futures trader
79504,Brian James,brian.james504@yahoo.com,73,M,Michaelfort,"Biochemist, clinical"
65162,Julie Burch,julie.burch162@hotmail.com,20,M,New Maryside,Aeronautical engineer
33571,Valerie Heath,valerie.heath571@hotmail.com,66,F,West Adam,Automotive engineer
95427,Benjamin Mendez,benjamin.mendez427@gmail.com,70,F,South Alison,Management consultant
14906,Jordan King,jordan.king906@yahoo.com,56,F,Daniellemouth,Environmental health practitioner
66478,Eric Holland,eric.holland478@gmail.com,38,M,North Rebeccaside,Psychiatrist
29468,Sarah Smith,sarah.smith468@hotmail.com,28,M,West Aaronton,Senior tax professional/tax inspector
8992,Mary Martinez,mary.martinez992@hotmail.com,35,M,Johnfurt,Special educational needs teacher
76897,Belinda Hill,belinda.hill897@gmail.com,39,M,Morenohaven,Environmental manager
68363,Stacey Smith,stacey.smith363@gmail.com,45,M,Michaelstad,Special effects artist
51734,David Miller,david.miller734@hotmail.com,38,M,Harrisside,"Scientist, physiological"
11433,Sarah Campbell,sarah.campbell433@yahoo.com,30,F,Morgantown,"Designer, fashion/clothing"
27347,Cheryl Jones,cheryl.jones347@yahoo.com,25,M,West Travis,Chiropractor
67159,John Cameron,john.cameron159@yahoo.com,28,M,Brittanymouth,Adult nurse
74465,Paul Johnson,paul.johnson465@gmail.com,69,M,South Amytown,Dietitian
7220,Tommy Gomez,tommy.gomez220@yahoo.com,70,F,West Jimmyport,Medical secretary
50643,Jeffrey Olson,jeffrey.olson643@hotmail.com,27,F,Paulland,Retail manager
77192,Christopher Davenport,christopher.davenport192@gmail.com,22,M,New Laurie,Interior and spatial designer
90581,Mia Gonzalez,mia.gonzalez581@yahoo.com,18,F,Douglasberg,"Scientist, product/process development"
43839,Lawrence Webb,lawrence.webb839@hotmail.com,42,M,Lake Jacobberg,"Embryologist, clinical"
55923,Shelby Espinoza,shelby.espinoza923@gmail.com,28,M,Hollymouth,Landscape architect
39847,Matthew Watkins,matthew.watkins847@yahoo.com,23,M,South Ashleytown,Theme park manager
22020,Robert Lewis,robert.lewis20@hotmail.com,68,F,Kimberlytown,Cytogeneticist
86059,Kenneth Gay,kenneth.gay59@gmail.com,36,M,West Katie,"Designer, jewellery"
43392,Erin Sanchez,erin.sanchez392@yahoo.com,66,M,South Nicole,Metallurgist
14057,Rachel Wilson,rachel.wilson57@yahoo.com,51,M,New Lindaberg,"Administrator, sports"
3110,Charles Flynn,charles.flynn110@yahoo.com,59,M,Shahport,"Horticulturist, commercial"
76172,Charles Neal,charles.neal172@yahoo.com,31,M,Vasquezchester,Health and safety inspector
34116,Brenda Cook,brenda.cook116@yahoo.com,70,F,Lake Abigailhaven,Make
96678,Amy Maldonado,amy.maldonado678@yahoo.com,43,M,Melissahaven,Marketing executive
15867,Savannah Odom,savannah.odom867@yahoo.com,30,F,Johnchester,Volunteer coordinator
19806,Robert Mcdonald,robert.mcdonald806@gmail.com,63,F,Port Steve,Freight forwarder
27861,Laurie Harris,laurie.harris861@gmail.com,21,F,Jasonton,"Engineer, biomedical"
10306,Brandon Schroeder,brandon.schroeder306@yahoo.com,29,F,New Amyhaven,Immigration officer
7439,Willie Foster,willie.foster439@gmail.com,61,F,Wardhaven,Dramatherapist
3222,Barbara Mosley,barbara.mosley222@hotmail.com,61,M,North Maureenbury,Dance movement psychotherapist
49016,Jonathan Banks MD,jonathan.banks.md16@gmail.com,75,F,Mayview,Retail banker
882,Robert Solomon,robert.solomon882@yahoo.com,65,M,New John,Associate Professor
86850,Ricky Perez,ricky.perez850@hotmail.com,51,F,Andersonhaven,Sports development officer
83755,Lisa Payne,lisa.payne755@hotmail.com,51,M,Port Seanbury,Statistician
36749,Candice Sanders,candice.sanders749@yahoo.com,19,M,Lopezmouth,Archivist
23528,Angel Mack,angel.mack528@gmail.com,58,M,North Davidland,"Scientist, water quality"
91302,Lisa Williams,lisa.williams302@yahoo.com,46,M,Port Jessicamouth,Museum/gallery curator
73565,Thomas Taylor,thomas.taylor565@hotmail.com,27,M,New Dennisside,"Engineer, civil (consulting)"
42689,Christine Wilson,christine.wilson689@hotmail.com,67,M,Lake Carlamouth,Private music teacher
66857,Keith Jones,keith.jones857@hotmail.com,54,F,Walkerland,Herpetologist
89091,Michael Dawson,michael.dawson91@gmail.com,33,F,Jacobborough,Printmaker
85560,Dr. Thomas Ryan,dr..thomas.ryan560@yahoo.com,59,M,West Martinport,Counselling psychologist
51183,Cassandra Garrett,cassandra.garrett183@hotmail.com,44,M,Kimberlyfort,Best boy
14266,Marco Flowers,marco.flowers266@hotmail.com,58,F,South Mollyland,Art therapist
64904,Troy Gonzalez,troy.gonzalez904@hotmail.com,64,F,Morganside,Air cabin crew
67482,Lee Scott,lee.scott482@yahoo.com,37,F,Derrickstad,Maintenance engineer
89376,Sarah Maldonado,sarah.maldonado376@hotmail.com,31,M,Fordton,Probation officer
78783,Amy Brooks,amy.brooks783@gmail.com,23,M,North Angela,Microbiologist
27201,Justin Nelson,justin.nelson201@yahoo.com,54,F,West Stephenhaven,Architectural technologist
79638,Patrick Allen,patrick.allen638@gmail.com,72,M,East Lisaland,Community pharmacist
86026,Matthew Fields,matthew.fields26@gmail.com,56,F,West Cynthia,Engineering geologist
65725,Jessica Valdez,jessica.valdez725@yahoo.com,24,F,Andrewston,Farm manager
50065,Eric Barker,eric.barker65@yahoo.com,40,M,Nunezfurt,"Engineer, agricultural"
14626,Amy Tran,amy.tran626@hotmail.com,50,F,Lake Kevin,"Doctor, general practice"
81047,Michael Cunningham,michael.cunningham47@yahoo.com,67,F,Port Andrew,Product/process development scientist
44573,Jessica Wells,jessica.wells573@hotmail.com,60,F,East Eric,Charity officer
68918,Ebony Harrison,ebony.harrison918@gmail.com,34,F,Schroederburgh,Environmental consultant
19728,Lauren Cole,lauren.cole728@gmail.com,42,F,Nolantown,Operational researcher
12061,Ann Jones,ann.jones61@gmail.com,60,F,Lake Bobbyborough,Adult nurse
10022,George Edwards,george.edwards22@yahoo.com,77,F,Johnsonshire,Set designer
18557,Cindy Ramirez,cindy.ramirez557@hotmail.com,61,M,New Jenniferstad,Social worker
14736,David Nguyen,david.nguyen736@yahoo.com,30,F,New John,Insurance broker
3407,Jennifer Holden,jennifer.holden407@gmail.com,36,M,Kleintown,Barista
52719,Rebecca Noble,rebecca.noble719@hotmail.com,75,F,New Madison,"Engineer, biomedical"
9866,Shelby Stevens,shelby.stevens866@yahoo.com,19,F,New Amber,Rural practice surveyor
79585,Edward Gonzalez,edward.gonzalez585@yahoo.com,20,M,East Teresaton,Fitness centre manager
38511,Kelly Mitchell,kelly.mitchell511@gmail.com,37,M,Weissport,"Surveyor, building"
71657,Barbara French,barbara.french657@hotmail.com,62,F,South Jacob,"Engineer, building services"
10661,Kelsey Walton,kelsey.walton661@hotmail.com,79,F,Chapmanberg,Chiropractor
43753,Mariah Mosley PhD,mariah.mosley.phd753@gmail.com,61,M,New Erikside,Communications engineer
91951,Kelli Austin,kelli.austin951@yahoo.com,53,F,South Denise,Museum/gallery curator
23661,Lawrence Gamble,lawrence.gamble661@hotmail.com,34,M,Shawview,"Pilot, airline"
29591,Miss Angela Johnson DDS,miss.angela.johnson.dds591@yahoo.com,55,F,Farrellburgh,Horticultural therapist
81355,Donna Jordan,donna.jordan355@yahoo.com,43,F,Lake Matthew,Sport and exercise psychologist
43958,Dominique Rivera,dominique.rivera958@hotmail.com,67,F,Zamorastad,Interior and spatial designer
4850,Brian Harris,brian.harris850@gmail.com,36,M,Port Amanda,"Scientist, biomedical"
72108,Mary Trevino,mary.trevino108@gmail.com,39,M,Lauramouth,"Surveyor, building"
98489,Jennifer Moses,jennifer.moses489@gmail.com,35,M,Lake Michaelside,Economist
67879,Brandon Pacheco,brandon.pacheco879@hotmail.com,38,M,Anthonyland,Software engineer
40631,Victoria Mejia,victoria.mejia631@gmail.com,80,F,West Vanessa,Barista
82600,Michael Miller,michael.miller600@gmail.com,21,M,Davidstad,"Buyer, retail"
55681,Cheryl Green,cheryl.green681@gmail.com,20,M,Sparksside,General practice doctor
43182,Mark Gallegos,mark.gallegos182@gmail.com,57,M,Melendezborough,Field seismologist
16140,Dennis Brown,dennis.brown140@yahoo.com,60,F,East Andrea,Podiatrist
54080,Catherine Lamb,catherine.lamb80@yahoo.com,29,M,West Ellenfort,Call centre manager
63115,Kimberly Valentine,kimberly.valentine115@gmail.com,57,M,Brittanyton,"Sound technician, broadcasting/film/video"
43144,Jillian Martinez,jillian.martinez144@hotmail.com,75,F,Allisonstad,Company secretary
29944,Vickie Contreras,vickie.contreras944@hotmail.com,70,F,Andersonborough,Emergency planning/management officer
98112,Lauren Manning,lauren.manning112@yahoo.com,26,F,Blackmouth,Site engineer
24963,John Schroeder,john.schroeder963@gmail.com,19,F,Powellville,Site engineer
88681,Jessica Lloyd,jessica.lloyd681@gmail.com,66,F,Fritzchester,Corporate investment banker
77359,James Carlson,james.carlson359@gmail.com,26,M,Smithhaven,Trade mark attorney
34284,Ashley Williams,ashley.williams284@hotmail.com,64,F,Port Manuel,"Designer, industrial/product"
93748,Dana Cabrera,dana.cabrera748@hotmail.com,29,F,Davidside,"Loss adjuster, chartered"
8929,Stacy Clarke,stacy.clarke929@yahoo.com,32,F,West Christina,Barista
40926,William Ortega,william.ortega926@gmail.com,54,F,Jenniferstad,Audiological scientist
41394,Amber Li,amber.li394@yahoo.com,19,F,Julietown,General practice doctor
30833,Kelly Jones,kelly.jones833@yahoo.com,53,M,Andrewborough,Rural practice surveyor
91689,Jennifer Cohen,jennifer.cohen689@gmail.com,30,F,Port Christopherside,Contractor
13643,Howard Johnston,howard.johnston643@hotmail.com,34,F,Petermouth,Chartered management accountant
31844,Paul Lyons,paul.lyons844@hotmail.com,35,F,Bondview,"Scientist, product/process development"
76218,Isabella Neal,isabella.neal218@hotmail.com,77,F,New Mitchellmouth,Equities trader
41307,Rebecca Martinez,rebecca.martinez307@hotmail.com,78,M,East Megan,"Surveyor, building control"
14380,Nancy Lopez DDS,nancy.lopez.dds380@hotmail.com,37,F,Port Wendy,"Engineer, mining"
17523,Andrea Griffin,andrea.griffin523@gmail.com,22,M,East Robert,Information officer
8875,Kimberly Smith,kimberly.smith875@hotmail.com,50,F,New Saraland,"Engineer, broadcasting (operations)"
96256,Michael Taylor,michael.taylor256@yahoo.com,23,M,Joanntown,"Engineer, manufacturing"
27502,Daniel Durham,daniel.durham502@yahoo.com,76,M,North Wendy,Sports administrator
77222,Joshua Davis,joshua.davis222@yahoo.com,70,F,Sandrastad,Office manager
77872,Zachary Curtis,zachary.curtis872@yahoo.com,62,M,Gregorymouth,Location manager
13166,Allen Bowers,allen.bowers166@hotmail.com,41,M,North Danielton,"Nurse, children's"
43857,Edward Howe,edward.howe857@hotmail.com,64,M,Johnsonshire,Printmaker
82995,David Russell,david.russell995@yahoo.com,79,F,Port Deannabury,Merchant navy officer
629,John Cruz,john.cruz629@yahoo.com,61,F,Hallchester,"Exhibitions officer, museum/gallery"
38859,Timothy Zuniga,timothy.zuniga859@gmail.com,44,F,New Jeffreytown,Chief Technology Officer
43618,April Charles,april.charles618@gmail.com,71,F,Markside,"Scientist, audiological"
70176,Cynthia Thomas,cynthia.thomas176@yahoo.com,76,F,Jerryland,Recruitment consultant
39970,Joseph Lloyd,joseph.lloyd970@yahoo.com,28,F,Bradleyburgh,Insurance account manager
64113,Stephen Bennett,stephen.bennett113@yahoo.com,57,M,Fordtown,Physiotherapist
86845,Angel Rose,angel.rose845@gmail.com,69,F,Rodriguezton,Ergonomist
33878,Anna Flores,anna.flores878@gmail.com,65,M,South Robertbury,Mining engineer
86774,James Miller,james.miller774@yahoo.com,77,M,Millerbury,English as a second language teacher
10087,Mary Anderson,mary.anderson87@hotmail.com,62,M,Port Richard,"Lecturer, higher education"
89924,John Park,john.park924@gmail.com,51,M,West Tammy,"Engineer, broadcasting (operations)"
61355,Christine Robinson,christine.robinson355@hotmail.com,29,M,East Brandichester,Retail manager
85588,Anthony Hutchinson,anthony.hutchinson588@hotmail.com,29,F,New Rickbury,Special educational needs teacher
53100,Daniel West,daniel.west100@yahoo.com,34,M,North Robert,Patent attorney
78796,John Hopkins,john.hopkins796@yahoo.com,53,F,Moralesfurt,"Scientist, product/process development"
7348,Brooke Hernandez,brooke.hernandez348@gmail.com,50,M,New Steven,Barrister's clerk
81836,Lance Warren,lance.warren836@yahoo.com,37,F,Elizabethland,Amenity horticulturist
53384,Kimberly Harrison,kimberly.harrison384@gmail.com,26,M,New Joseph,Commercial horticulturist
29776,Ronald Peterson,ronald.peterson776@hotmail.com,35,F,West Dale,Sports therapist
15318,William White,william.white318@hotmail.com,57,M,South Robert,Customer service manager
80371,Dawn Williams,dawn.williams371@gmail.com,33,F,Antoniotown,Biomedical scientist
37017,Amy Jones,amy.jones17@gmail.com,68,M,Hallborough,"Administrator, education"
21145,Kenneth Lowery,kenneth.lowery145@gmail.com,34,F,Zacharyburgh,Armed forces technical officer
44466,Steven Ball,steven.ball466@yahoo.com,35,M,Michaelburgh,Interior and spatial designer
18570,John Myers,john.myers570@yahoo.com,35,M,Rogersstad,Energy engineer
71093,Nathaniel White,nathaniel.white93@yahoo.com,61,F,South Nathan,"Teacher, English as a foreign language"
54242,Hannah Schwartz,hannah.schwartz242@hotmail.com,18,F,Kevinfort,"Sound technician, broadcasting/film/video"
74063,Alexander Martin,alexander.martin63@yahoo.com,21,M,Lake Sergio,Health promotion specialist
64548,Kimberly Thomas,kimberly.thomas548@yahoo.com,30,M,Lake Robert,Economist
86507,Sara Thompson,sara.thompson507@hotmail.com,24,F,New Monica,"Psychologist, sport and exercise"
17356,Christopher Johnson PhD,christopher.johnson.phd356@gmail.com,24,F,West Raymouth,Land/geomatics surveyor
4534,Robert Le,robert.le534@yahoo.com,23,M,Johnsonbury,"Solicitor, Scotland"
71517,Samuel Taylor,samuel.taylor517@yahoo.com,22,M,Robertmouth,Health service manager
80886,Aaron Vasquez,aaron.vasquez886@hotmail.com,48,F,South Tannerfurt,Education administrator
59448,Nicholas Carlson,nicholas.carlson448@yahoo.com,47,F,Rodriguezstad,Product designer
22060,Michelle Juarez,michelle.juarez60@yahoo.com,72,M,West Evanhaven,"Editor, magazine features"
51625,Jason Zimmerman,jason.zimmerman625@hotmail.com,38,M,West Tracyton,Hydrologist
97844,Kristen Cooper,kristen.cooper844@gmail.com,32,F,Kimberlychester,Hotel manager
70345,Daniel Grant,daniel.grant345@gmail.com,78,M,South Renee,Textile designer
60461,Stephanie Strong,stephanie.strong461@yahoo.com,80,M,Maryview,Accounting technician
64912,Kristine Ortega,kristine.ortega912@hotmail.com,73,M,South Robert,"Civil engineer, consulting"
39709,Carmen Bond,carmen.bond709@hotmail.com,50,F,West Ronald,"Geologist, engineering"
46008,Jonathan Buckley,jonathan.buckley8@gmail.com,52,M,New Stephen,Biomedical engineer
70253,Bryan Yang,bryan.yang253@hotmail.com,48,F,North Justin,Product/process development scientist
55839,Michelle Small,michelle.small839@hotmail.com,54,M,Schmidtmouth,Food technologist
5059,Andrew Schmidt,andrew.schmidt59@yahoo.com,26,F,New Rachel,Historic buildings inspector/conservation officer
25999,Julie Lopez,julie.lopez999@hotmail.com,26,F,North Mark,Chief Executive Officer
31758,Danielle Williams,danielle.williams758@hotmail.com,64,M,Ruthview,Clinical biochemist
76778,Whitney Chapman,whitney.chapman778@yahoo.com,78,M,East Renee,Administrator
22608,John Short,john.short608@gmail.com,53,F,Port Martha,"Administrator, local government"
16093,Christopher Graves,christopher.graves93@yahoo.com,72,F,Port Crystal,Gaffer
20393,James Wise,james.wise393@yahoo.com,57,M,West Paul,"Designer, fashion/clothing"
2327,Willie Taylor,willie.taylor327@hotmail.com,76,M,Port Miguelfort,"Designer, ceramics/pottery"
56046,David Ellis,david.ellis46@hotmail.com,72,F,East Brookechester,Marketing executive
53602,Monique Kennedy,monique.kennedy602@yahoo.com,74,F,West Deborahview,Actor
14881,Hayden Morales,hayden.morales881@yahoo.com,39,M,West Anthony,Medical technical officer
4440,Travis Davies,travis.davies440@yahoo.com,72,F,Port David,Publishing copy
80884,Hector Lee,hector.lee884@hotmail.com,60,F,Halltown,Financial controller
77182,Brandon Chambers,brandon.chambers182@hotmail.com,52,F,New Nicholas,Horticultural therapist
54652,Melody Boyd,melody.boyd652@yahoo.com,32,M,South Mario,"Designer, textile"
30638,Jill Meyer,jill.meyer638@hotmail.com,71,F,New Sharihaven,"Research officer, government"
48668,Christine Eaton,christine.eaton668@hotmail.com,75,F,New Jamie,Fast food restaurant manager
50960,Douglas Johnson,douglas.johnson960@yahoo.com,72,M,South Sarah,Associate Professor
21824,Nancy Johnson,nancy.johnson824@gmail.com,67,M,Aprilmouth,Media buyer
27252,Carrie Simmons,carrie.simmons252@gmail.com,25,M,Lake Valerie,"Administrator, Civil Service"
11241,Jeffrey Lopez,jeffrey.lopez241@hotmail.com,68,F,Juliatown,Contracting civil engineer
14278,Mr. David Mitchell,mr..david.mitchell278@yahoo.com,32,F,Jeffreyview,Paramedic
81773,Michael Alexander,michael.alexander773@yahoo.com,73,F,West Hannah,"Scientist, water quality"
9620,Daniel Clark,daniel.clark620@gmail.com,32,F,Lake Juan,Tour manager
3900,Carol Hernandez,carol.hernandez900@yahoo.com,64,F,Kyliemouth,Food technologist
84594,Mackenzie Matthews,mackenzie.matthews594@yahoo.com,69,M,Port Matthew,Building services engineer
17339,Allison Campbell,allison.campbell339@hotmail.com,42,F,Eatontown,Acupuncturist
25839,Karl Gonzalez,karl.gonzalez839@yahoo.com,18,F,New Michaelhaven,"Engineer, maintenance"
55874,Tim Mcgee,tim.mcgee874@hotmail.com,44,M,East Bryan,Homeopath
5283,Nathaniel Mitchell,nathaniel.mitchell283@yahoo.com,74,M,Port Gabrielle,Media planner
44157,Anthony Coleman,anthony.coleman157@gmail.com,57,M,Craigfort,General practice doctor
92273,Sandra Alvarez,sandra.alvarez273@yahoo.com,67,F,Port Johnchester,Musician
80683,Wayne Long,wayne.long683@yahoo.com,74,F,Everettport,Early years teacher
31087,Eric Robinson,eric.robinson87@gmail.com,77,M,Port Kathrynhaven,Rural practice surveyor
6173,Craig Bell,craig.bell173@gmail.com,49,F,South Jennifer,Animal nutritionist
53481,Jessica Francis,jessica.francis481@yahoo.com,51,F,Lake Ryan,"Sales professional, IT"
29251,Holly Yu,holly.yu251@yahoo.com,23,M,Savannahbury,Furniture designer
87175,Victor Wells,victor.wells175@gmail.com,62,F,Josehaven,Make
63716,Ronald Dickerson,ronald.dickerson716@hotmail.com,35,M,Andersonfurt,"Scientist, physiological"
36553,Larry Fitzgerald,larry.fitzgerald553@gmail.com,40,F,Ashleyview,"Programmer, applications"
77149,Shelby Meza,shelby.meza149@gmail.com,57,M,South Carriechester,Immigration officer
662,Michelle Mcdaniel,michelle.mcdaniel662@hotmail.com,69,M,Port David,Counsellor
70560,Chase Patel,chase.patel560@yahoo.com,60,F,Johnbury,Merchant navy officer
97011,Ashley Schroeder,ashley.schroeder11@hotmail.com,50,M,Tonymouth,Dancer
73420,Victoria Rice,victoria.rice420@yahoo.com,54,M,Lake Taylorborough,"Production assistant, television"
58167,Aaron Hancock,aaron.hancock167@yahoo.com,44,F,North Larry,Television/film/video producer
34249,Stacy Davis,stacy.davis249@hotmail.com,22,M,Melissafurt,Artist
51774,Jill Griffin,jill.griffin774@hotmail.com,66,F,Munozmouth,Archaeologist
28082,Ashley Lewis,ashley.lewis82@hotmail.com,77,F,Sanchezview,Environmental health practitioner
70848,Sue Johnson,sue.johnson848@gmail.com,78,F,Mariafort,Aeronautical engineer
99402,Brandi Johnson,brandi.johnson402@hotmail.com,73,M,Harrisonburgh,Marine scientist
13257,Sarah Willis,sarah.willis257@hotmail.com,31,M,Campbellview,"Radiographer, therapeutic"
43030,Andrew Griffin,andrew.griffin30@gmail.com,47,F,New Faithside,Broadcast presenter
70615,Jasmine Faulkner,jasmine.faulkner615@hotmail.com,19,F,New Shannon,Accounting technician
96104,Andrea Brown,andrea.brown104@gmail.com,55,F,Thomaston,Tourism officer
35457,Sara Harrison,sara.harrison457@hotmail.com,26,F,Kylechester,Equality and diversity officer
41768,Sandra Anderson,sandra.anderson768@yahoo.com,57,M,West Jeanville,Historic buildings inspector/conservation officer
38238,Dustin Simpson,dustin.simpson238@hotmail.com,18,M,Robinsonside,Nutritional therapist
17157,Rachael Grant,rachael.grant157@hotmail.com,33,M,New Elizabethfurt,Tax adviser
25911,Christina Santiago,christina.santiago911@hotmail.com,19,M,Sandraland,Tourist information centre manager
23859,Shane Morgan,shane.morgan859@hotmail.com,80,F,South Nicholasborough,Phytotherapist
37511,Debbie Brown,debbie.brown511@hotmail.com,23,F,Beanfort,Town planner
12844,Matthew Williams,matthew.williams844@gmail.com,45,F,South Michael,Surgeon
20888,Eric Gomez MD,eric.gomez.md888@yahoo.com,27,M,Robertburgh,Insurance claims handler
57582,Randy Lopez,randy.lopez582@gmail.com,68,F,North Andrew,Charity fundraiser
35742,Michael Anthony,michael.anthony742@gmail.com,19,M,Parrishberg,Medical secretary
25004,Lauren Lopez,lauren.lopez4@yahoo.com,27,M,Port Crystalmouth,Energy manager
70694,William Hamilton,william.hamilton694@gmail.com,59,F,Allenville,"Teacher, primary school"
91457,Tracy Simmons,tracy.simmons457@gmail.com,49,F,Harryberg,Health and safety adviser
25405,Dan Perkins,dan.perkins405@yahoo.com,23,M,Robinsonshire,Operational researcher
92430,Darrell Cross,darrell.cross430@hotmail.com,75,M,West Mike,Patent examiner
41250,Nathaniel Cox,nathaniel.cox250@hotmail.com,59,M,South Shawn,Cartographer
33943,Andrea Washington,andrea.washington943@hotmail.com,49,F,Port Benjamin,"Civil engineer, contracting"
9983,Michael Morales,michael.morales983@gmail.com,76,F,Edwardhaven,Toxicologist
38397,Catherine Mercer MD,catherine.mercer.md397@gmail.com,25,F,Mccartyland,Public affairs consultant
96277,Cindy Randall,cindy.randall277@yahoo.com,67,F,Nicholasburgh,Building services engineer
72188,Joanne Perez,joanne.perez188@gmail.com,21,M,West Andrewfort,"Restaurant manager, fast food"
26580,Stephanie Richmond,stephanie.richmond580@yahoo.com,41,F,Lewisbury,"Biochemist, clinical"
14385,Susan Santana,susan.santana385@yahoo.com,38,F,Melissaland,Environmental consultant
92090,Linda Shields,linda.shields90@gmail.com,37,F,South Dennis,Physiological scientist
62047,Kelly Gonzalez,kelly.gonzalez47@hotmail.com,43,F,South Lisa,"Teacher, music"
49657,Susan Hanna MD,susan.hanna.md657@yahoo.com,24,F,Davisshire,Senior tax professional/tax inspector
238,John Little,john.little238@gmail.com,69,M,South Larryshire,Maintenance engineer
27255,John Conner,john.conner255@gmail.com,71,M,Hillstad,Early years teacher
54340,Matthew Evans,matthew.evans340@gmail.com,65,F,Port Michael,Dance movement psychotherapist
91652,Joseph Estrada,joseph.estrada652@hotmail.com,65,M,Codyshire,Armed forces technical officer
13004,Brian Dixon,brian.dixon4@yahoo.com,30,F,Erinview,"Engineer, technical sales"
17807,Megan Gonzales,megan.gonzales807@hotmail.com,51,F,South Heatherville,"Psychologist, counselling"
94949,Miranda Ortega,miranda.ortega949@yahoo.com,64,F,Michaelfurt,"Embryologist, clinical"
10328,Edward Smith,edward.smith328@gmail.com,54,M,North Michaelstad,Financial planner
73294,Destiny Jenkins,destiny.jenkins294@yahoo.com,19,F,Gaystad,Medical technical officer
35720,Brett Banks,brett.banks720@yahoo.com,29,M,East Miguel,Health visitor
58312,Lori Underwood,lori.underwood312@hotmail.com,38,F,West Allen,"Scientist, audiological"
90882,Tracy Armstrong,tracy.armstrong882@hotmail.com,56,M,Bartonfort,Chief Strategy Officer
44567,Robert Huber,robert.huber567@hotmail.com,54,F,New Jenniferbury,"Scientist, research (life sciences)"
89611,Nancy Parsons,nancy.parsons611@yahoo.com,52,F,Port Benjamin,"Administrator, arts"
91312,Matthew Franco,matthew.franco312@hotmail.com,79,F,Mariahbury,"Engineer, petroleum"
42408,Roy Travis,roy.travis408@gmail.com,20,M,New Seanbury,"Therapist, nutritional"
6892,Kathleen Ball,kathleen.ball892@gmail.com,25,F,East Lauren,"Sales professional, IT"
28712,Caroline Mitchell,caroline.mitchell712@yahoo.com,72,M,Hodgesfurt,Building services engineer
6997,Maria Soto,maria.soto997@yahoo.com,21,F,Port Andreamouth,"Embryologist, clinical"
65230,Amanda Alvarez,amanda.alvarez230@yahoo.com,69,M,East Tylerside,Clinical molecular geneticist
98309,Anna Fields,anna.fields309@yahoo.com,41,F,Kaylaside,"Designer, exhibition/display"
79553,Lauren Richardson,lauren.richardson553@gmail.com,47,M,Mannton,Field seismologist
24176,Joyce Hayes,joyce.hayes176@gmail.com,21,M,North Marco,Air broker
83220,Victoria Howard,victoria.howard220@gmail.com,36,F,Johnsonmouth,Product/process development scientist
34841,Rebecca Brown,rebecca.brown841@yahoo.com,31,F,East Hollyport,"Exhibitions officer, museum/gallery"
30674,Darryl Horton,darryl.horton674@gmail.com,50,F,Port Mollyborough,Operational investment banker
9037,Rachel Browning,rachel.browning37@yahoo.com,49,M,Joneshaven,Geographical information systems officer
93914,Brian Hoffman,brian.hoffman914@yahoo.com,73,M,Phillipsland,"Therapist, speech and language"
28191,Katherine Owens,katherine.owens191@hotmail.com,78,M,South Alexandra,Estate manager/land agent
65897,Melanie Baker,melanie.baker897@yahoo.com,74,M,Johnstad,Environmental consultant
87651,Christopher Floyd,christopher.floyd651@gmail.com,25,M,East Sherrystad,Museum/gallery conservator
82741,Jennifer Fernandez,jennifer.fernandez741@yahoo.com,75,F,North Codyborough,"Surveyor, building control"
46484,Shannon Martinez,shannon.martinez484@yahoo.com,68,F,South Tammy,Proofreader
99195,Laura Sexton PhD,laura.sexton.phd195@yahoo.com,48,F,Lake Jeremy,Industrial/product designer
98415,Allison Black,allison.black415@hotmail.com,23,F,Bentonmouth,Medical illustrator
24270,Anita Cox,anita.cox270@yahoo.com,48,F,Andrewchester,Video editor
36583,Vanessa Briggs,vanessa.briggs583@gmail.com,40,M,Mitchelltown,Technical brewer
74990,Julia Love,julia.love990@gmail.com,74,F,Bridgethaven,"Research officer, political party"
54108,Jack Nelson,jack.nelson108@gmail.com,37,M,Garciastad,"Surveyor, building control"
83418,Tracy Smith,tracy.smith418@yahoo.com,18,F,Lake Jillmouth,Public librarian
32249,Sarah Welch,sarah.welch249@yahoo.com,42,F,Lisaland,Press photographer
17538,Mario Park,mario.park538@gmail.com,61,M,Lake Susanville,"Editor, film/video"
33139,Katie Blanchard,katie.blanchard139@hotmail.com,79,M,New Mariofurt,Research scientist (physical sciences)
46135,Dana Webster,dana.webster135@yahoo.com,66,F,Lake Stephanieshire,Stage manager
93461,Cynthia Avery,cynthia.avery461@gmail.com,31,M,East Maria,Speech and language therapist
5738,Madison Thomas,madison.thomas738@yahoo.com,52,M,West Alberttown,"Designer, blown glass/stained glass"
40969,Chad Bell,chad.bell969@hotmail.com,36,M,South Jasonland,Biomedical engineer
48691,Patricia Romero,patricia.romero691@yahoo.com,31,F,Smithchester,Camera operator
49645,Hector Hurst,hector.hurst645@hotmail.com,47,M,Mollyborough,Site engineer
61643,James Burton,james.burton643@gmail.com,47,F,Lake Kellyside,Insurance broker
63264,Joseph Norton,joseph.norton264@yahoo.com,62,F,Carpenterside,Film/video editor
78011,Leah Estrada,leah.estrada11@yahoo.com,19,F,Millerside,Web designer
635,Walter Buchanan,walter.buchanan635@hotmail.com,47,M,Marissaside,Health physicist
78140,Isabel Rodriguez,isabel.rodriguez140@hotmail.com,25,F,Nancyville,Television production assistant
20767,Paul Brown,paul.brown767@gmail.com,46,M,Baileyburgh,"Designer, television/film set"
32900,Judith Frey,judith.frey900@yahoo.com,69,M,Lake Jenniferhaven,Curator
44375,Lee Vance,lee.vance375@gmail.com,79,F,West Michaeltown,Games developer
34701,Fernando Williams,fernando.williams701@gmail.com,54,F,Lake Tyler,Aeronautical engineer
40230,Nicole Vega,nicole.vega230@hotmail.com,58,M,Brittanyburgh,Physiological scientist
48617,Matthew Wells,matthew.wells617@hotmail.com,53,M,Lake Veronica,"Engineer, automotive"
7919,Tamara Smith,tamara.smith919@gmail.com,71,M,South Kathleen,Lawyer
91538,Rachel Good,rachel.good538@gmail.com,63,F,Johnsonview,Corporate investment banker
88514,Robert Bell,robert.bell514@hotmail.com,32,F,Burtonshire,Counselling psychologist
49855,Tanya Kennedy,tanya.kennedy855@hotmail.com,26,M,Christineburgh,Customer service manager
10735,Clifford Jones,clifford.jones735@hotmail.com,18,M,West Taraton,Clinical molecular geneticist
7618,Tammy Williams,tammy.williams618@hotmail.com,30,F,North Randyland,Media planner
70101,Stephanie Young,stephanie.young101@yahoo.com,29,F,New Jameschester,Armed forces technical officer
85316,Megan Jones,megan.jones316@yahoo.com,79,F,Monicastad,Clothing/textile technologist
71956,Dana Lowe,dana.lowe956@hotmail.com,35,M,Lauraville,Recycling officer
65807,Courtney Costa,courtney.costa807@yahoo.com,26,M,Danielleville,Commercial art gallery manager
77733,Jeff Johnson,jeff.johnson733@hotmail.com,61,F,North Jennifer,Ship broker
95125,Lindsay Dougherty,lindsay.dougherty125@yahoo.com,20,F,North Davidbury,Heritage manager
82508,Victor Sharp,victor.sharp508@gmail.com,75,F,Franktown,"Programmer, applications"
58134,Lisa Reid,lisa.reid134@yahoo.com,44,M,Lake Nathaniel,"Psychologist, clinical"
76302,Willie Mason,willie.mason302@yahoo.com,52,F,Port Richardmouth,Broadcast presenter
11762,John Hanson,john.hanson762@hotmail.com,39,M,Moonmouth,Equality and diversity officer
88432,John Freeman,john.freeman432@hotmail.com,70,M,New Lori,Corporate investment banker
93606,Chad Hamilton,chad.hamilton606@yahoo.com,26,M,Tammymouth,Economist
71971,Angela Strickland,angela.strickland971@yahoo.com,74,M,New Lori,"Designer, television/film set"
97651,Mallory Hansen,mallory.hansen651@yahoo.com,42,F,Port John,Claims inspector/assessor
12521,Mr. John Wall III,mr..john.wall.iii521@hotmail.com,45,M,Roberttown,TEFL teacher
94075,Robert Owens,robert.owens75@gmail.com,75,F,West Reneebury,Public relations account executive
2650,Samantha Rivera,samantha.rivera650@yahoo.com,69,F,Port Robert,Occupational hygienist
26590,Deborah Holden,deborah.holden590@gmail.com,21,F,Port Kristopher,Operational researcher
1652,Yesenia Brown,yesenia.brown652@hotmail.com,24,M,Wallaceland,Warden/ranger
80283,Sara Robertson,sara.robertson283@gmail.com,53,M,Erinland,Sport and exercise psychologist
5192,Michael Martinez,michael.martinez192@gmail.com,28,F,Jameston,Research scientist (physical sciences)
56491,Jose Coleman,jose.coleman491@gmail.com,51,M,New James,"Therapist, speech and language"
18840,James Miller,james.miller840@hotmail.com,69,F,Amyview,"Biochemist, clinical"
55668,Vickie Smith,vickie.smith668@yahoo.com,74,F,Lauriehaven,Phytotherapist
44182,Eric Velez,eric.velez182@hotmail.com,27,M,Port Amy,"Secretary, company"
41958,Michael Harris,michael.harris958@yahoo.com,18,F,West Christinatown,"Engineer, structural"
96281,Angela Morales,angela.morales281@hotmail.com,20,M,Cookfurt,Freight forwarder
30924,Craig Watson,craig.watson924@gmail.com,69,F,Yorkstad,Sports therapist
51891,Sheryl Ramirez,sheryl.ramirez891@yahoo.com,80,M,Johnsonview,Primary school teacher
84233,Sharon Baker,sharon.baker233@yahoo.com,59,M,Middletonmouth,Art therapist
1202,Jessica Lewis,jessica.lewis202@gmail.com,72,M,South Seth,"Engineer, water"
15788,Maria Rose MD,maria.rose.md788@hotmail.com,38,F,West Barbara,Sports coach
91038,Taylor Humphrey,taylor.humphrey38@gmail.com,44,M,Lake William,Electronics engineer
41885,Travis Marshall,travis.marshall885@yahoo.com,37,F,Willisshire,Osteopath
37560,Laura Novak,laura.novak560@hotmail.com,48,M,North Lisashire,Estate manager/land agent
93063,Ashley Howell,ashley.howell63@yahoo.com,39,M,Matthewsbury,Radio producer
2946,James Klein Jr.,james.klein.jr.946@yahoo.com,19,M,Lake Angela,Hospital pharmacist
59760,Robert Myers,robert.myers760@yahoo.com,32,F,North Courtney,"Engineer, site"
20074,Deborah Sanchez,deborah.sanchez74@yahoo.com,47,M,Lake Sarah,Conference centre manager
15409,Maria Dudley,maria.dudley409@yahoo.com,43,M,South Teresa,Financial adviser
94803,Robert Jones,robert.jones803@hotmail.com,70,F,Katieberg,Health and safety adviser
6237,Jessica Mills,jessica.mills237@yahoo.com,28,M,Clarkland,Advertising account planner
1514,Debra Taylor,debra.taylor514@gmail.com,70,F,Lake Tracy,Ranger/warden
76374,Paul Brennan,paul.brennan374@hotmail.com,20,M,Smithbury,"Psychologist, counselling"
12933,Stephanie Maynard,stephanie.maynard933@gmail.com,35,F,East Lisaview,Statistician
96959,Alisha Moore,alisha.moore959@gmail.com,28,F,West Daniellehaven,Copy
78702,Jennifer Allen,jennifer.allen702@hotmail.com,25,M,Robertland,"Psychologist, sport and exercise"
9263,Elizabeth Rios,elizabeth.rios263@gmail.com,48,M,Nixonville,"Journalist, newspaper"
44540,Alexander Yu,alexander.yu540@hotmail.com,56,F,Port Deborahfort,Operational researcher
26243,Steven Powell,steven.powell243@gmail.com,70,F,Tannerside,Advertising account executive
11997,Danny Arias,danny.arias997@hotmail.com,21,M,Thomasburgh,Health and safety inspector
86587,Robert Smith,robert.smith587@yahoo.com,40,M,Murphybury,Medical physicist
3662,Amanda Alexander DDS,amanda.alexander.dds662@hotmail.com,70,F,Veronicamouth,Glass blower/designer
96409,Bobby George,bobby.george409@gmail.com,29,F,Lauratown,Personal assistant
66730,Gail Lara,gail.lara730@yahoo.com,68,M,Johnsonstad,"Engineer, site"
41310,Kenneth Diaz,kenneth.diaz310@hotmail.com,57,M,New Sarah,Barrister's clerk
20357,Catherine Blevins,catherine.blevins357@gmail.com,76,F,Michelleberg,Manufacturing engineer
73304,Mary Sanchez,mary.sanchez304@gmail.com,67,F,Brownborough,Advertising copywriter
43263,Alan Schwartz,alan.schwartz263@gmail.com,46,M,South Juan,"Sound technician, broadcasting/film/video"
52553,Lindsay Sanchez,lindsay.sanchez553@hotmail.com,55,F,New Whitneymouth,Public relations account executive
62623,Rebecca Woods,rebecca.woods623@hotmail.com,76,F,South Xavier,Glass blower/designer
24430,Christopher Little,christopher.little430@yahoo.com,80,F,Castillofort,Warden/ranger
2571,Wendy Jackson,wendy.jackson571@gmail.com,79,M,New Jessebury,Quality manager
16378,Andrew Lucas,andrew.lucas378@hotmail.com,23,M,New Krista,Fisheries officer
41510,Nicole Smith,nicole.smith510@gmail.com,68,F,Port Emily,"Designer, interior/spatial"
13238,Marvin Branch,marvin.branch238@hotmail.com,41,F,North Corybury,Operational investment banker
39325,Shannon Farmer,shannon.farmer325@hotmail.com,42,F,West Gregg,Civil Service fast streamer
9279,Janet Madden MD,janet.madden.md279@yahoo.com,67,M,Henryfort,Geoscientist
70977,Thomas Hardy Jr.,thomas.hardy.jr.977@gmail.com,42,M,North Kevin,Production engineer
26432,Ms. Nicole Brown DVM,ms..nicole.brown.dvm432@hotmail.com,75,M,Andersonside,Herpetologist
52861,Gregory Welch,gregory.welch861@yahoo.com,38,M,North Colleen,Secretary/administrator
96901,Jennifer Alvarez,jennifer.alvarez901@yahoo.com,69,F,Lake Sandra,Mechanical engineer
61555,Carlos Harvey,carlos.harvey555@yahoo.com,57,M,Port Williamville,Multimedia specialist
1407,Steven Henderson,steven.henderson407@gmail.com,62,M,Lake Antoniofort,Retail merchandiser
57534,Matthew Shah,matthew.shah534@hotmail.com,31,F,South Tylerstad,Systems developer
63102,Mathew Murphy,mathew.murphy102@gmail.com,25,M,South Kylieland,"Engineer, agricultural"
89894,April Young,april.young894@hotmail.com,52,M,Brownland,Ergonomist
47492,Ralph Wright,ralph.wright492@gmail.com,54,M,Bernardhaven,Learning mentor
13712,Miguel Rogers,miguel.rogers712@hotmail.com,74,F,New Courtney,Chartered certified accountant
4941,Brian Johnson,brian.johnson941@gmail.com,33,M,New Denisemouth,Graphic designer
89452,Beth Mcgee,beth.mcgee452@yahoo.com,29,F,Gonzalesbury,Claims inspector/assessor
63865,Jeremy Bush,jeremy.bush865@yahoo.com,33,F,Hensonchester,"Psychotherapist, child"
57795,Natasha Pope,natasha.pope795@hotmail.com,73,M,East Julieton,Stage manager
44235,Wanda Hayes,wanda.hayes235@gmail.com,32,M,West Andrew,Probation officer
8280,Joseph Fritz,joseph.fritz280@yahoo.com,31,M,Wilsontown,Tax inspector
51215,Sabrina Perry,sabrina.perry215@yahoo.com,58,M,South Angelaton,"Optician, dispensing"
87215,Kerri Cole,kerri.cole215@gmail.com,38,M,Bryanttown,Ophthalmologist
50705,Rita Hale,rita.hale705@gmail.com,71,F,New Lauren,Stage manager
82865,Beth Bird,beth.bird865@gmail.com,50,F,New Tammy,Retail manager
93138,Jose Walker,jose.walker138@hotmail.com,54,F,Bradleymouth,Electronics engineer
16463,Patricia Cortez,patricia.cortez463@yahoo.com,53,F,New Curtisberg,Immigration officer
38743,Madison Shannon,madison.shannon743@gmail.com,50,M,North Natashaberg,"Surveyor, planning and development"
4514,Donald Price,donald.price514@gmail.com,39,M,New Jennifer,Metallurgist
34743,Jill Gardner,jill.gardner743@yahoo.com,73,F,New Dakota,Operations geologist
90744,Austin Mendez,austin.mendez744@gmail.com,68,F,Port Raymondhaven,Technical sales engineer
74843,Sarah Scott,sarah.scott843@gmail.com,27,F,Davilachester,Sports coach
71795,Jordan Davis,jordan.davis795@yahoo.com,68,M,Kristinstad,Financial risk analyst
27743,Mr. Robert Paul,mr..robert.paul743@gmail.com,70,F,New Nicoleland,Equities trader
1915,Christian Daniels,christian.daniels915@hotmail.com,74,F,Turnerview,"Conservation officer, historic buildings"
42290,Joshua Barber,joshua.barber290@yahoo.com,19,F,Grahamside,Veterinary surgeon
75967,Bobby Blair,bobby.blair967@hotmail.com,36,M,Reneeside,Midwife
45096,Nicole Coleman,nicole.coleman96@gmail.com,31,M,Staceychester,Furniture conservator/restorer
73183,Brian Williams,brian.williams183@hotmail.com,80,M,West Michaelton,Hydrographic surveyor
30122,Elizabeth Whitney,elizabeth.whitney122@yahoo.com,51,F,Bethshire,Probation officer
42723,Chase Lambert,chase.lambert723@hotmail.com,48,F,South Zoe,Applications developer
52072,Sydney Andersen,sydney.andersen72@yahoo.com,44,F,Starktown,Agricultural engineer
80152,Jessica Dougherty,jessica.dougherty152@yahoo.com,47,M,Willishaven,Records manager
69871,Marvin Holmes,marvin.holmes871@gmail.com,50,M,New Richardmouth,Office manager
78683,Ashley Hutchinson,ashley.hutchinson683@gmail.com,74,F,Rosalesland,Minerals surveyor
33269,Glenn Murphy,glenn.murphy269@gmail.com,32,F,West Carlosfort,Minerals surveyor
82206,Barbara Mendoza,barbara.mendoza206@hotmail.com,74,M,South Raymondburgh,Retail merchandiser
5744,David Diaz,david.diaz744@gmail.com,77,M,Port Ryanchester,Operational investment banker
84464,Jacob Olson,jacob.olson464@hotmail.com,54,M,Gillview,Financial controller
65063,Luis Nguyen,luis.nguyen63@hotmail.com,76,M,Port Kimberlyville,Civil Service fast streamer
27221,Claire Williams,claire.williams221@hotmail.com,60,M,Brooksfurt,Advertising account planner
79630,Calvin Bonilla,calvin.bonilla630@gmail.com,59,F,West Jamesshire,Scientific laboratory technician
30688,James Villarreal,james.villarreal688@yahoo.com,66,M,East Brendafurt,Herpetologist
72001,Theresa Snyder,theresa.snyder1@gmail.com,52,M,Jasonfort,"Conservator, furniture"
80379,Brian Woodard,brian.woodard379@gmail.com,51,F,West Dustinside,Media buyer
37732,Michelle Thomas,michelle.thomas732@hotmail.com,58,M,Lake Reginaton,Animal nutritionist
20706,Bradley Waters,bradley.waters706@gmail.com,53,M,South Kristinmouth,Music therapist
98517,Brandon Turner,brandon.turner517@gmail.com,43,M,Lake Paulland,Firefighter
76128,Chad Wolf,chad.wolf128@hotmail.com,28,F,South Markbury,Water quality scientist
83327,Belinda Cook,belinda.cook327@gmail.com,57,F,Williamston,"Doctor, general practice"
48645,Philip Morgan,philip.morgan645@hotmail.com,25,F,North Paulchester,Hydrologist
86929,Dustin Mckee,dustin.mckee929@hotmail.com,23,M,South Victor,Automotive engineer
32364,Brenda Torres,brenda.torres364@hotmail.com,66,M,Lake Tamaraborough,Information officer
58010,April Cortez,april.cortez10@hotmail.com,50,M,Deborahbury,"Accountant, chartered public finance"
21020,Paul Harper,paul.harper20@hotmail.com,58,M,Joshuachester,"Journalist, newspaper"
19415,Mark Rivas,mark.rivas415@gmail.com,36,F,Bruceton,"Radiographer, therapeutic"
47223,Amanda Rodriguez,amanda.rodriguez223@hotmail.com,66,F,North Jamesview,Mechanical engineer
31314,Kimberly Jones,kimberly.jones314@gmail.com,68,F,Dominicville,"Engineer, automotive"
72408,Rachael Murray,rachael.murray408@hotmail.com,42,F,West Ashley,"Journalist, newspaper"
38621,Michael Brown,michael.brown621@hotmail.com,49,F,Colehaven,Research scientist (physical sciences)
27057,Yvette Brown,yvette.brown57@yahoo.com,58,M,Paulamouth,"Scientist, product/process development"
33615,Kenneth Colon,kenneth.colon615@yahoo.com,57,M,Ortegaland,Audiological scientist
92787,Douglas Bartlett,douglas.bartlett787@hotmail.com,41,F,Jacksonfurt,Mudlogger
99849,Lisa Barnes,lisa.barnes849@hotmail.com,25,M,Port Michaeltown,Diplomatic Services operational officer
75686,Linda Rodriguez,linda.rodriguez686@yahoo.com,40,M,South Sabrina,Soil scientist
66461,Tristan Black,tristan.black461@hotmail.com,49,M,Carrieborough,Dancer
14933,Jacob Johnson,jacob.johnson933@hotmail.com,53,F,Boydside,Fine artist
90691,James Cook,james.cook691@yahoo.com,40,M,New Brendanstad,Clinical cytogeneticist
92930,Andrew Lowe,andrew.lowe930@yahoo.com,21,M,West Deborahshire,Museum education officer
61633,Charles Wong,charles.wong633@yahoo.com,55,M,West Christopher,Medical technical officer
57119,Maria Hernandez,maria.hernandez119@hotmail.com,56,M,North Sarachester,Archaeologist
21536,Megan Martinez,megan.martinez536@yahoo.com,34,M,Davidmouth,Field trials officer
14431,Jennifer Bishop,jennifer.bishop431@gmail.com,72,M,Lake Destiny,"Engineer, communications"
74906,Eric Wang,eric.wang906@hotmail.com,22,M,New Diana,"Copywriter, advertising"
14938,Jodi Chavez,jodi.chavez938@gmail.com,35,F,West Pamela,Broadcast journalist
30992,Diana Cooper,diana.cooper992@yahoo.com,76,M,Port Ashley,"Geologist, wellsite"
94987,Alexandra Lamb,alexandra.lamb987@yahoo.com,75,M,Port Kevin,Animator
62099,Christopher Perez,christopher.perez99@gmail.com,65,F,Williamton,English as a second language teacher
49918,Austin Barker,austin.barker918@hotmail.com,65,F,West Kelly,Brewing technologist
62689,Shannon Robinson,shannon.robinson689@gmail.com,77,M,East Drew,Systems developer
33744,Joseph Turner,joseph.turner744@yahoo.com,35,M,Joshuaborough,"Surveyor, building control"
74803,Katherine Logan,katherine.logan803@yahoo.com,35,M,Port Abigailchester,Clinical biochemist
67896,Patricia Obrien,patricia.obrien896@gmail.com,80,M,New Jessicamouth,Legal executive
57797,Alex Christensen DVM,alex.christensen.dvm797@gmail.com,55,F,Jesseborough,Visual merchandiser
12346,Frank Williams,frank.williams346@gmail.com,51,M,Adamton,Barista
78142,Alejandra Williams,alejandra.williams142@yahoo.com,77,M,Danielsport,Higher education lecturer
54935,Tanya Morgan,tanya.morgan935@hotmail.com,19,F,Andersonfurt,"Social research officer, government"
36468,Kevin Rodriguez,kevin.rodriguez468@yahoo.com,26,M,Mitchellshire,Tour manager
87494,Justin Cruz,justin.cruz494@hotmail.com,68,F,North Zachary,Lobbyist
85356,Anthony Bullock,anthony.bullock356@yahoo.com,57,F,North Jessica,Freight forwarder
30131,Cynthia Peters,cynthia.peters131@gmail.com,79,M,Johnsonview,"Doctor, hospital"
33060,Brandi Lee,brandi.lee60@hotmail.com,76,F,Davilachester,IT sales professional
22549,Jeffrey Wilson,jeffrey.wilson549@yahoo.com,45,F,Brianfort,Retail merchandiser
12977,Matthew Dunn,matthew.dunn977@gmail.com,29,M,Dunlapville,"Engineer, technical sales"
60650,Samantha Fernandez,samantha.fernandez650@hotmail.com,23,M,East Elizabeth,Financial manager
22340,Richard Berry,richard.berry340@gmail.com,25,M,Andrewville,"Doctor, hospital"
40292,David Massey,david.massey292@hotmail.com,65,M,Daviesberg,Primary school teacher
34103,Kylie Jackson,kylie.jackson103@hotmail.com,36,M,Jacksonfurt,Probation officer
50373,Randy Reid,randy.reid373@yahoo.com,54,F,Anitafort,"Buyer, retail"
77271,Lauren Ryan,lauren.ryan271@yahoo.com,48,M,Russellville,Charity officer
91215,Thomas Lee IV,thomas.lee.iv215@gmail.com,24,M,Wattsside,Patent examiner
42430,Eric Hall,eric.hall430@yahoo.com,41,M,Lake Andreaborough,"Exhibitions officer, museum/gallery"
72088,Wendy Zavala,wendy.zavala88@gmail.com,39,F,Perezshire,Petroleum engineer
47919,Emily Barnett,emily.barnett919@yahoo.com,20,M,Nelsonchester,"Engineer, civil (consulting)"
1568,Joshua Phillips,joshua.phillips568@yahoo.com,30,M,Benjamintown,Diagnostic radiographer
15,Christina Erickson,christina.erickson15@yahoo.com,60,F,North Michael,Company secretary
70240,Mary Powell,mary.powell240@gmail.com,61,F,Gordonmouth,Research scientist (physical sciences)
24888,John Hughes,john.hughes888@yahoo.com,61,F,Watsontown,Microbiologist
65583,Jessica Reyes,jessica.reyes583@gmail.com,76,M,Port Patrick,"Psychotherapist, child"
28401,Alexis Cox,alexis.cox401@gmail.com,37,M,Luisburgh,Air cabin crew
38268,Adrian Oneal,adrian.oneal268@hotmail.com,23,M,East Isaacton,Tax inspector
89720,Amber Marshall,amber.marshall720@hotmail.com,71,F,South Shelbystad,"Engineer, technical sales"
54221,Julie Baker,julie.baker221@gmail.com,57,F,New Jacquelineburgh,Police officer
64455,Robert Dunn,robert.dunn455@gmail.com,63,M,Corychester,International aid/development worker
51090,Dominique Love,dominique.love90@yahoo.com,25,F,Blackfurt,Consulting civil engineer
76422,William Lawson,william.lawson422@yahoo.com,18,F,Michaelchester,Health and safety inspector
69319,Caroline Kirk,caroline.kirk319@yahoo.com,58,M,Meyerside,"Journalist, newspaper"
15118,Pamela Harvey,pamela.harvey118@hotmail.com,28,F,New Margaret,Equality and diversity officer
3387,Denise Baker,denise.baker387@yahoo.com,39,F,South Annamouth,"Therapist, drama"
19920,Bradley Collier,bradley.collier920@gmail.com,55,F,South Brendashire,"Surveyor, building control"
89463,Diane Norman,diane.norman463@yahoo.com,34,F,South Dominic,IT sales professional
51980,Kevin Edwards,kevin.edwards980@gmail.com,75,M,South Glenn,Economist
11518,Travis Chapman,travis.chapman518@gmail.com,22,M,South Brandyburgh,Arboriculturist
13604,Derrick Ross,derrick.ross604@gmail.com,37,M,Khanmouth,Estate agent
